"Shift_R",0.9656,3.7708,2.8052
"d",1457347487.8177,3.8180,-1457347483.9997
"e",0.0892,4.2806,4.1914
"l",0.0591,4.3803,4.3213
"space",0.0665,4.6585,4.5920
"e",0.0940,5.3635,5.2696
"n",0.0619,5.4486,5.3867
"f",0.0871,5.6082,5.5211
"a",0.0888,5.8417,5.7529
"d",0.0804,6.4395,6.3591
"o",0.0743,6.6403,6.5660
"e",0.0730,7.6593,7.5863
"m",0.0729,7.7925,7.7196
"p",0.0614,8.0176,7.9562
"e",0.0612,8.1458,8.0846
"z",0.0799,8.4333,8.3534
"o",0.0557,8.7031,8.6474
"space",0.0304,8.8951,8.8647
"a",0.0839,9.0795,8.9956
"space",0.0709,9.2053,9.1344
"d",0.0841,9.3550,9.2709
"o",0.0582,9.4296,9.3715
"l",0.0619,9.5981,9.5362
"o",0.0798,9.7799,9.7000
"r",0.0614,9.9126,9.8512
"space",0.0529,10.0358,9.9828
"u",0.0710,10.2854,10.2144
"n",0.0817,10.5281,10.4463
"a",0.0841,10.7625,10.6784
"m",0.0761,11.0707,10.9946
"u",0.0710,11.2879,11.2169
"e",0.0896,11.5249,11.4354
"l",0.0665,11.6471,11.5807
"a",0.0841,11.8356,11.7515
"space",0.0611,11.9440,11.8829
"y",0.0938,12.1890,12.0953
"c",0.0835,12.6252,12.5416
"o",0.0589,12.6962,12.6373
"n",0.0707,12.8923,12.8216
"space",0.0354,13.0720,13.0367
"e",0.0985,13.2412,13.1427
"l",0.0715,13.3321,13.2606
"space",0.0484,13.5238,13.4753
"d",0.0837,13.6997,13.6160
"o",0.0580,13.7530,13.6951
"l",0.0750,13.9318,13.8567
"o",0.0839,14.1096,14.0256
"r",0.0713,14.2936,14.2223
"space",0.0561,14.4093,14.3532
"y",0.0878,14.6613,14.5735
"space",0.0454,14.8714,14.8259
"e",0.0753,15.0727,14.9974
"l",0.0785,15.1639,15.0854
"space",0.0486,15.3285,15.2799
"h",0.0636,15.5376,15.4740
"a",0.0934,15.6858,15.5925
"m",0.0748,15.8061,15.7313
"b",0.0485,15.9356,15.8871
"r",0.0605,16.1496,16.0891
"e",0.0758,16.3899,16.3141
"space",0.0665,16.5271,16.4607
"q",0.0840,16.7007,16.6167
"u",0.0716,16.8016,16.7300
"e",0.0731,16.9473,16.8741
"space",0.0566,17.0634,17.0068
"t",0.0606,17.3868,17.3262
"e",0.0923,17.6230,17.5308
"n",0.0755,17.7118,17.6362
"acute",0.0838,18.2945,18.2107
"i",0.0659,18.5799,18.5140
"a",0.0782,18.8699,18.7916
"space",0.0618,19.0153,18.9535
"n",0.0705,19.2232,19.1528
"o",0.0733,19.4176,19.3443
"s",0.0782,19.7482,19.6700
"a",0.0841,19.9228,19.8387
"b",0.0782,20.1693,20.0911
"acute",0.0829,20.3683,20.2854
"i",0.0663,20.6160,20.5497
"a",0.0852,20.8884,20.8032
"space",0.0662,21.0026,20.9364
"q",0.0747,21.1392,21.0645
"u",0.0696,21.2551,21.1855
"e",0.0809,21.4365,21.3555
"space",0.0405,21.5323,21.4918
"h",0.0709,21.7398,21.6689
"a",0.0793,21.8807,21.8014
"c",0.0706,22.0636,21.9930
"e",0.0758,22.2710,22.1952
"r",0.0717,22.4619,22.3902
"comma",0.0754,22.5737,22.4982
"space",0.0709,22.7895,22.7186
"p",0.0783,23.0161,22.9378
"o",0.0792,23.2365,23.1573
"r",0.0558,23.3545,23.2987
"q",0.0652,23.5582,23.4931
"u",0.0659,23.6496,23.5836
"e",0.0744,23.8397,23.7653
"space",0.0657,23.9578,23.8921
"p",0.0607,24.1669,24.1062
"e",0.0724,24.3051,24.2328
"n",0.0758,24.4092,24.3334
"s",0.0833,24.5936,24.5103
"a",0.0839,24.7956,24.7117
"b",0.0698,25.1033,25.0336
"a",0.0757,25.3540,25.2782
"comma",0.1591,25.7449,25.5858
"space",0.0477,26.0420,25.9943
"s",0.1173,26.3523,26.2349
"i",0.0619,26.5728,26.5109
"mouse_left",0.0997,26.8471,26.7474
"m",0.0722,26.9632,26.8910
"e",0.0691,27.1196,27.0504
"c",0.0812,27.4176,27.3364
"BackSpace",0.0981,28.0448,27.9467
"s",0.0811,28.6145,28.5334
"a",0.0845,28.8375,28.7530
"c",0.0881,29.1159,29.0277
"BackSpace",0.0572,30.3231,30.2659
"BackSpace",0.0934,31.0554,30.9620
"BackSpace",0.0936,31.4694,31.3758
"space",0.0696,31.9205,31.8509
"mouse_left",0.1004,32.5882,32.4879
"s",0.0888,32.6219,32.5331
"a",0.0694,32.7975,32.7282
"c",0.0738,33.0674,32.9936
"o",0.0660,33.2237,33.1577
"l",0.0824,33.6824,33.6000
"a",0.0935,33.8996,33.8061
"space",0.0300,33.9951,33.9651
"m",0.0740,34.2330,34.1590
"u",0.0637,34.4521,34.3884
"e",0.0834,34.8409,34.7575
"l",0.0755,35.0502,34.9747
"a",0.0891,35.2547,35.1655
"space",0.0575,35.3909,35.3334
"y",0.0750,35.6302,35.5553
"space",0.0654,35.8580,35.7926
"p",0.0729,36.1049,36.0320
"a",0.0839,36.2545,36.1705
"g",0.0531,36.4635,36.4103
"o",0.0576,36.5417,36.4841
"space",0.0477,36.7439,36.6962
"c",0.0795,37.7956,37.7161
"o",0.0629,37.8943,37.8314
"n",0.0623,38.0785,38.0162
"space",0.0626,38.2727,38.2101
"e",0.0707,38.4217,38.3510
"s",0.0984,38.6183,38.5199
"t",0.0591,38.7828,38.7237
"e",0.0803,38.9892,38.9089
"space",0.0562,39.1184,39.0622
"m",0.0749,39.3552,39.2802
"e",0.0657,39.4717,39.4060
"d",0.0788,39.6783,39.5995
"i",0.0610,39.7517,39.6907
"o",0.0735,39.9691,39.8956
"space",0.0533,40.1407,40.0874
"r",0.0708,40.3274,40.2566
"e",0.0608,40.4940,40.4332
"a",0.0755,40.7281,40.6526
"l",0.0753,40.8164,40.7411
"comma",0.0655,41.0440,40.9785
"q",0.0859,41.6196,41.5337
"u",0.0619,41.7475,41.6856
"e",0.0798,41.8875,41.8078
"d",0.0742,42.0944,42.0202
"a",0.0879,42.2650,42.1770
"r",0.0648,42.4747,42.4099
"e",0.0833,42.7201,42.6368
"space",0.0625,42.8303,42.7678
"m",0.0659,43.0373,42.9714
"u",0.0690,43.2400,43.1710
"e",0.0754,43.3985,43.3231
"r",0.0607,43.5602,43.4995
"t",0.0703,43.7721,43.7018
"o",0.0706,43.9234,43.8528
"space",0.0428,44.1052,44.0624
"d",0.0701,44.2659,44.1958
"e",0.0772,44.4323,44.3551
"space",0.0475,44.5467,44.4992
"h",0.0665,44.7540,44.6875
"a",0.1054,45.2637,45.1583
"m",0.0610,45.4884,45.4274
"b",0.0531,45.6094,45.5562
"r",0.0699,45.8436,45.7737
"e",0.0754,46.0606,45.9852
"period",0.0824,46.1991,46.1166
"space",0.0355,46.3864,46.3509
"Shift_R",0.2147,46.7171,46.5024
"s",1457347530.7341,46.7344,-1457347483.9997
"i",0.0735,46.9446,46.8710
"space",0.0584,47.1694,47.1110
"m",0.0814,47.4020,47.3205
"e",0.0738,47.5980,47.5242
"space",0.0641,47.7231,47.6590
"c",0.0862,47.9367,47.8504
"o",0.0735,48.0247,47.9512
"m",0.0700,48.2476,48.1776
"p",0.0707,48.5314,48.4607
"r",0.0632,48.7341,48.6709
"o",0.0521,48.8570,48.8049
"space",0.0570,49.0492,48.9922
"a",0.0916,49.2479,49.1563
"l",0.0623,49.3444,49.2820
"g",0.0757,49.9405,49.8648
"o",0.0652,50.0663,50.0011
"space",0.0429,50.2663,50.2233
"d",0.0652,50.4191,50.3539
"e",0.0757,50.6138,50.5381
"space",0.0646,50.7516,50.6870
"c",0.0794,50.9268,50.8474
"o",0.0571,50.9970,50.9399
"e",0.0679,51.3509,51.2831
"r",0.0520,51.5479,51.4959
"space",0.0701,51.7044,51.6343
"c",0.0776,51.8531,51.7755
"i",0.0305,51.9234,51.8929
"o",0.0468,51.9354,51.8886
"n",0.0650,52.1406,52.0755
"space",0.0479,52.3364,52.2885
"e",0.0664,52.5239,52.4575
"l",0.0725,52.6782,52.6057
"space",0.0430,52.8837,52.8408
"m",0.0792,53.1392,53.0600
"e",0.0657,53.3557,53.2900
"d",0.0695,53.5963,53.5268
"i",0.0526,53.6847,53.6321
"o",0.0742,53.9115,53.8373
"space",0.0566,54.1132,54.0566
"r",0.0646,54.2981,54.2335
"e",0.0597,54.4766,54.4169
"a",0.0727,54.7169,54.6442
"l",0.0743,54.8254,54.7511
"comma",0.0650,55.0503,54.9853
"space",0.0514,55.2844,55.2330
"m",0.0727,55.5440,55.4713
"mouse_left",0.1006,55.7484,55.6478
"e",0.0655,55.7663,55.7009
"space",0.0515,55.8902,55.8387
"d",0.0823,56.1971,56.1148
"o",0.0454,56.2984,56.2530
"l",0.0798,56.5247,56.4449
"e",0.0784,56.6697,56.5913
"r",0.0961,56.9198,56.8237
"ntilde",0.0903,57.5509,57.4606
"a",0.0880,57.8984,57.8105
"space",0.0665,58.0595,57.9930
"l",0.0900,58.3624,58.2724
"mouse_left",0.1011,58.6336,58.5326
"a",0.0989,58.6548,58.5559
"space",0.0443,59.0691,59.0248
"m",0.0654,59.6984,59.6330
"u",0.0669,59.9272,59.8603
"e",0.0829,60.3575,60.2746
"l",0.0955,60.6145,60.5190
"a",0.0827,60.7754,60.6927
"period",0.0729,60.9473,60.8745
"space",0.0620,61.2194,61.1574
"E",0.0653,61.7198,61.6545
"Shift_R",0.2531,61.7341,61.4809
"s",0.0836,61.9626,61.8790
"t",0.0651,62.1583,62.0932
"a",0.0846,62.3654,62.2808
"b",0.0834,62.5756,62.4922
"a",0.0579,62.7878,62.7299
"space",0.0830,63.2771,63.1941
"p",0.0858,63.7675,63.6817
"e",0.0782,63.8780,63.7998
"n",0.0659,63.9917,63.9258
"s",0.0826,64.1475,64.0649
"a",0.0834,64.3650,64.2816
"n",0.0747,64.5045,64.4298
"d",0.0804,64.6721,64.5917
"o",0.0489,64.7613,64.7124
"l",0.0619,65.1943,65.1323
"o",0.0784,65.4791,65.4007
"space",0.0934,69.1187,69.0253
"q",0.1043,69.4370,69.3327
"u",0.0733,69.5551,69.4817
"e",0.0784,69.7443,69.6659
"space",0.0699,69.8800,69.8100
"i",0.0585,70.1078,70.0493
"b",0.0660,70.3118,70.2458
"a",0.0881,70.5817,70.4936
"space",0.0707,70.7460,70.6754
"a",0.0935,71.8536,71.7601
"space",0.0444,72.0123,71.9680
"h",0.0748,72.2951,72.2202
"a",0.0932,72.4978,72.4045
"c",0.0746,72.7694,72.6948
"e",0.0650,73.0121,72.9471
"r",0.0704,73.9068,73.8364
"space",0.0704,74.5153,74.4449
"c",0.0801,74.8822,74.8022
"u",0.0699,75.0163,74.9464
"a",0.0788,75.2920,75.2132
"n",0.0575,75.5362,75.4787
"d",0.0785,76.3674,76.2889
"o",0.0780,76.7833,76.7054
"space",0.0421,77.0231,76.9810
"s",0.0977,77.2244,77.1267
"i",0.0619,77.3227,77.2608
"n",0.0659,77.5128,77.4470
"space",0.0572,77.7089,77.6517
"d",0.0736,77.8533,77.7797
"a",0.0835,78.0347,77.9511
"r",0.0624,78.2159,78.1535
"s",0.0738,78.4263,78.3525
"e",0.0834,78.6331,78.5497
"space",0.0652,78.7864,78.7212
"c",0.0705,78.9377,78.8672
"u",0.0655,79.0394,78.9739
"e",0.0736,79.1885,79.1149
"n",0.0660,79.2843,79.2183
"t",0.0533,79.4006,79.3473
"a",0.0481,79.5968,79.5487
"comma",0.0705,79.7563,79.6858
"space",0.0528,79.9558,79.9030
"s",0.0833,80.0942,80.0109
"e",0.0801,80.3108,80.2307
"space",0.0805,80.4702,80.3897
"f",0.0701,80.6412,80.5712
"u",0.0654,80.7680,80.7027
"ntilde",0.0480,81.4722,81.4241
"acute",0.0911,81.5117,81.4206
"e",0.0737,81.7901,81.7164
"space",0.0577,81.9313,81.8736
"a",0.0836,82.1862,82.1026
"r",0.0577,82.3982,82.3405
"r",0.0689,82.5927,82.5238
"i",0.0657,82.7337,82.6680
"m",0.0478,83.0563,83.0085
"a",0.0787,83.2282,83.1495
"n",0.0607,83.3470,83.2863
"d",0.0706,83.5634,83.4928
"o",0.0660,83.7480,83.6819
"space",0.0436,84.0082,83.9646
"a",0.0793,84.7094,84.6301
"space",0.0749,85.4512,85.3763
"u",0.0651,86.1171,86.0520
"n",0.0653,86.3599,86.2947
"space",0.0475,86.5517,86.5042
"e",0.0673,86.7177,86.6504
"s",0.0887,86.9282,86.8395
"c",0.0694,87.1221,87.0527
"a",0.0660,87.3441,87.2781
"p",0.0794,87.5058,87.4264
"a",0.0866,87.6771,87.5905
"r",0.0693,87.8792,87.8099
"a",0.0877,88.1281,88.0404
"t",0.0608,88.3056,88.2447
"e",0.0703,88.5501,88.4799
"space",0.0652,88.6988,88.6336
"d",0.0660,88.8280,88.7621
"e",0.0751,89.0217,88.9466
"space",0.0710,89.1488,89.0778
"u",0.0659,89.3402,89.2743
"n",0.0708,89.5800,89.5091
"a",0.0783,89.7513,89.6731
"space",0.0534,89.9130,89.8596
"p",0.0833,90.4104,90.3271
"a",0.0893,90.6057,90.5164
"s",0.0819,90.7977,90.7158
"t",0.0607,90.9697,90.9090
"e",0.0846,91.1915,91.1069
"l",0.0730,91.3238,91.2507
"e",0.0706,91.4625,91.3919
"r",0.0655,91.6694,91.6039
"acute",0.0740,91.9820,91.9080
"i",0.0496,92.2742,92.2245
"a",0.0784,92.5243,92.4459
"comma",0.0737,92.9612,92.8875
"space",0.0704,93.1700,93.0996
"d",0.0711,93.3475,93.2764
"o",0.0526,93.4375,93.3849
"n",0.0660,93.6326,93.5666
"d",0.0653,93.7453,93.6800
"e",0.0832,93.9379,93.8546
"space",0.0630,94.0563,93.9933
"l",0.0651,94.2595,94.1944
"o",0.0834,94.4777,94.3943
"s",0.0835,94.6897,94.6062
"space",0.0707,94.8236,94.7530
"o",0.0556,95.0478,94.9922
"j",0.0576,95.2493,95.1917
"o",0.0581,95.4542,95.3961
"s",0.0652,95.6632,95.5981
"space",0.0483,95.8054,95.7571
"s",0.0688,95.9996,95.9309
"e",0.0740,96.2413,96.1674
"space",0.0611,96.3729,96.3118
"l",0.0794,96.6908,96.6114
"e",0.0703,96.9954,96.9251
"space",0.0707,97.1250,97.0543
"i",0.0627,97.3335,97.2708
"b",0.0783,97.5177,97.4395
"a",0.0695,97.7647,97.6952
"n",0.0650,97.8858,97.8208
"space",0.0480,98.0787,98.0307
"d",0.0667,98.1960,98.1293
"e",0.0784,98.4079,98.3294
"t",0.0622,98.6207,98.5585
"r",0.0787,98.8359,98.7572
"acute",0.0788,99.1133,99.0345
"a",0.0751,99.3171,99.2420
"n",0.0707,99.5223,99.4516
"space",0.0429,99.7953,99.7524
"BackSpace",0.1768,100.4153,100.2385
"s",0.0859,101.8236,101.7377
"space",0.0654,102.2123,102.1469
"mouse_left",0.1003,102.4524,102.3521
"d",0.0778,102.4637,102.3859
"e",0.0836,102.7217,102.6381
"space",0.0675,102.9129,102.8454
"l",0.0881,103.3096,103.2215
"o",0.0835,103.5750,103.4915
"w",0.0604,104.2788,104.2183
"s",0.0695,104.2828,104.2133
"space",0.0699,104.5754,104.5056
"BackSpace",0.0577,105.1529,105.0952
"BackSpace",0.0999,105.9475,105.8476
"space",0.0670,107.1118,107.0448
"p",0.0806,107.9049,107.8243
"a",0.0823,108.0466,107.9643
"s",0.0860,108.2463,108.1603
"t",0.0557,108.4340,108.3783
"e",0.0706,108.6693,108.5987
"l",0.0756,108.8739,108.7984
"e",0.0736,109.0455,108.9718
"s",0.0878,109.9657,109.8779
"period",0.0866,110.4359,110.3493
"space",0.0529,110.7254,110.6725
"V",0.0747,112.2860,112.2112
"Shift_R",0.3082,112.3110,112.0029
"mouse_left",0.0999,112.5278,112.4279
"i",0.0675,112.5586,112.4911
"n",0.0734,112.7988,112.7254
"i",0.0797,113.0040,112.9243
"e",0.0650,113.1500,113.0850
"BackSpace",0.0827,114.3288,114.2461
"BackSpace",0.0906,114.7377,114.6472
"BackSpace",0.0963,114.9567,114.8604
"BackSpace",0.1010,115.1512,115.0501
"BackSpace",0.1052,115.3874,115.2823
"Return",0.0737,116.9071,116.8334
"Shift_R",0.1737,118.4452,118.2714
"v",1457347602.4674,118.4676,-1457347483.9997
"i",0.0613,118.6735,118.6122
"n",0.0721,118.8908,118.8187
"i",0.0616,119.0886,119.0270
"mouse_left",0.1005,119.1347,119.0342
"e",0.0683,119.5408,119.4725
"r",0.0631,119.8655,119.8024
"o",0.0664,120.0425,119.9761
"n",0.0625,120.6797,120.6172
"space",0.0611,120.8846,120.8236
"mouse_left",0.1008,120.9388,120.8381
"a",0.0852,121.0768,120.9916
"space",0.0649,121.2131,121.1482
"p",0.0707,121.4273,121.3567
"mouse_left",0.0996,121.5947,121.4950
"a",0.0788,122.0476,121.9688
"s",0.0853,122.2540,122.1687
"a",0.0707,122.4408,122.3701
"r",0.0576,122.6424,122.5848
"space",0.0705,122.7541,122.6836
"p",0.0659,122.9607,122.8949
"o",0.0754,123.1726,123.0972
"r",0.0579,123.2986,123.2407
"space",0.0606,123.4399,123.3793
"a",0.0835,123.6240,123.5405
"l",0.0531,123.7148,123.6618
"l",0.0930,123.8961,123.8030
"i",0.0555,124.2442,124.1887
"space",0.0630,124.4796,124.4166
"d",0.0879,124.8499,124.7620
"o",0.0671,124.9575,124.8904
"s",0.0836,125.1337,125.0501
"space",0.0432,125.2117,125.1686
"l",0.0693,125.4740,125.4047
"a",0.0785,125.5997,125.5213
"c",0.0662,125.8040,125.7378
"a",0.0749,126.0199,125.9450
"y",0.0607,126.1602,126.0995
"o",0.0702,126.4089,126.3387
"s",0.0885,126.5839,126.4954
"space",0.0556,126.7272,126.6716
"q",0.0925,127.0699,126.9775
"u",0.0706,127.2214,127.1508
"e",0.0707,127.3607,127.2899
"space",0.0588,127.5127,127.4539
"l",0.0862,127.7490,127.6628
"e",0.0711,127.8874,127.8164
"space",0.0659,128.0368,127.9709
"v",0.0870,128.2867,128.1998
"i",0.0675,128.4216,128.3542
"e",0.0668,128.5240,128.4572
"r",0.0696,128.8341,128.7645
"o",0.0631,128.9926,128.9296
"n",0.0706,129.2191,129.1485
"space",0.0579,129.4293,129.3714
"t",0.0435,129.6184,129.5749
"a",0.0787,129.8680,129.7893
"n",0.0707,129.9939,129.9233
"space",0.0435,130.2210,130.1775
"e",0.0707,130.3719,130.3013
"m",0.0681,130.5010,130.4329
"b",0.0758,130.6796,130.6038
"o",0.0763,131.1141,131.0379
"b",0.0660,131.3358,131.2698
"a",0.0754,131.5393,131.4640
"d",0.0838,131.7898,131.7060
"o",0.0688,132.0067,131.9379
"space",0.0586,132.2338,132.1752
"c",0.0783,132.3924,132.3142
"o",0.0607,132.5265,132.4658
"n",0.0457,132.7458,132.7001
"t",0.0784,132.9480,132.8695
"e",0.0693,133.1922,133.1229
"m",0.0686,133.3139,133.2454
"p",0.0614,133.5486,133.4872
"l",0.0687,133.8053,133.7367
"a",0.0757,133.9538,133.8781
"n",0.0613,134.0703,134.0090
"d",0.0957,134.2987,134.2030
"o",0.0512,134.4004,134.3492
"l",0.0611,134.7965,134.7353
"o",0.0631,134.9879,134.9248
"s",0.0891,135.2303,135.1411
"space",0.0621,135.3833,135.3212
"p",0.0766,135.6968,135.6202
"a",0.0891,135.8861,135.7970
"s",0.1011,136.1402,136.0391
"t",0.0708,136.3616,136.2908
"e",0.0786,136.6676,136.5890
"l",0.0804,137.5350,137.4545
"e",0.0839,137.9136,137.8298
"s",0.1110,138.4298,138.3188
"q",0.1012,149.7582,149.6570
"u",0.0578,149.8308,149.7730
"e",0.0661,150.0107,149.9446
"space",0.0608,150.1516,150.0908
"p",0.0787,150.3616,150.2829
"a",0.0794,150.4799,150.4006
"s",0.1242,150.7272,150.6030
"BackSpace",0.0781,151.6819,151.6038
"mouse_left",0.1005,155.5282,155.4278
"r",0.0681,155.5893,155.5213
"a",0.0782,155.8266,155.7484
"space",0.0601,155.9645,155.9044
"b",0.0701,156.1893,156.1192
"u",0.0607,156.2762,156.2155
"r",0.1095,156.7127,156.6032
"l",0.0782,157.1758,157.0976
"a",0.0929,157.3061,157.2133
"r",0.0554,157.5188,157.4635
"s",0.0758,157.7288,157.6530
"e",0.0655,157.9324,157.8669
"space",0.0608,158.0819,158.0212
"d",0.0740,158.2130,158.1390
"e",0.0757,158.4094,158.3337
"space",0.0738,158.5537,158.4799
"e",0.0732,158.7547,158.6815
"l",0.0760,158.8866,158.8106
"space",0.0547,159.0519,158.9972
"l",0.0743,159.2873,159.2130
"e",0.0659,159.4533,159.3874
"space",0.0659,159.5878,159.5219
"p",0.0839,159.8502,159.7662
"r",0.0708,160.0086,159.9378
"e",0.0752,160.2353,160.1601
"g",0.0710,160.4605,160.3896
"u",0.0631,160.5539,160.4907
"n",0.0706,160.7602,160.6897
"t",0.0529,160.8539,160.8010
"a",0.0608,161.0429,160.9820
"r",0.0757,161.2705,161.1948
"o",0.0622,161.3437,161.2815
"n",0.0765,161.5857,161.5093
"colon",0.0672,162.5343,162.4670
"Shift_L",0.4338,162.5745,162.1406
"Return",0.0852,163.3381,163.2529
"mouse_left",0.2240,165.1563,164.9322
"mouse_left",0.2482,165.8761,165.6280
"mouse_left",0.1924,166.4923,166.2999
"mouse_left",0.0997,167.4700,167.3703
"v",0.0670,167.8052,167.7382
"i",0.0608,167.9757,167.9149
"l",0.0783,168.2559,168.1776
"l",0.0948,168.4468,168.3520
"a",0.0880,168.8565,168.7684
"n",0.0647,169.0811,169.0163
"mouse_left",0.0997,169.3182,169.2185
"o",0.0786,169.4574,169.3788
"comma",0.0678,169.8046,169.7367
"space",0.0618,170.0324,169.9706
"c",0.0709,170.2539,170.1830
"u",0.0577,170.3571,170.2994
"a",0.0763,170.5143,170.4379
"n",0.0581,170.6445,170.5864
"t",0.0661,171.1795,171.1134
"o",0.0708,171.3088,171.2380
"s",0.0874,171.5534,171.4660
"space",0.0684,171.8434,171.7750
"p",0.0840,172.1734,172.0894
"a",0.0904,172.3584,172.2680
"s",0.0949,172.7311,172.6362
"t",0.0621,173.2805,173.2185
"e",0.1193,173.5712,173.4519
"l",0.0734,173.9697,173.8963
"e",0.0735,174.0781,174.0046
"s",0.0830,174.3354,174.2524
"space",0.0611,174.4815,174.4204
"t",0.0994,174.7671,174.6677
"e",0.0745,175.5610,175.4865
"space",0.0700,175.7198,175.6498
"c",0.0736,175.8764,175.8028
"o",0.0690,176.0028,175.9338
"m",0.0733,176.2779,176.2046
"e",0.0700,176.4866,176.4166
"r",0.0683,176.8175,176.7492
"i",0.0604,176.9916,176.9313
"a",0.0831,177.1831,177.1000
"s",0.0777,177.6899,177.6122
"comma",0.0702,178.0356,177.9653
"space",0.0621,178.2641,178.2020
"y",0.0604,178.5026,178.4422
"space",0.0716,178.7283,178.6567
"e",0.0738,179.0143,178.9405
"l",0.0831,179.1881,179.1050
"space",0.0576,179.4072,179.3496
"r",0.0653,180.1136,180.0483
"e",0.0623,180.2825,180.2201
"s",0.0935,180.5304,180.4369
"p",0.0651,180.6355,180.5704
"o",0.0651,180.8373,180.7722
"n",0.0725,181.0746,181.0021
"mouse_left",0.1004,181.3159,181.2155
"d",0.0784,181.4555,181.3771
"i",0.0656,181.6087,181.5431
"o",0.0684,182.1543,182.0860
"space",0.0745,182.9663,182.8918
"t",0.0597,183.9856,183.9259
"e",0.0694,184.1917,184.1223
"n",0.0757,184.3180,184.2423
"g",0.0650,184.4821,184.4171
"o",0.0570,184.5903,184.5334
"space",0.0621,184.7766,184.7145
"t",0.0559,184.9489,184.8929
"a",0.0779,185.1506,185.0726
"n",0.0605,185.2490,185.1885
"t",0.0829,185.6050,185.5221
"a",0.0800,185.8439,185.7640
"space",0.0658,185.9906,185.9248
"a",0.0657,186.1595,186.0938
"BackSpace",0.0653,186.8625,186.7972
"h",0.0651,187.3167,187.2516
"a",0.0824,187.5462,187.4638
"m",0.0700,187.7507,187.6807
"b",0.0431,187.8573,187.8142
"r",0.0578,188.0840,188.0263
"e",0.0704,188.3588,188.2884
"space",0.0752,188.9133,188.8381
"q",0.0778,189.1817,189.1039
"u",0.0704,189.3454,189.2749
"e",0.0789,189.4818,189.4029
"space",0.0390,189.5819,189.5429
"m",0.0735,189.8247,189.7511
"e",0.0655,190.0034,189.9379
"space",0.0552,190.1582,190.1030
"c",0.0749,190.8486,190.7737
"o",0.0702,190.9823,190.9122
"m",0.0649,191.1886,191.1236
"e",0.0745,191.3361,191.2616
"r",0.0696,191.6689,191.5994
"acute",0.0854,191.9974,191.9121
"i",0.0614,192.2382,192.1767
"a",0.0747,192.3840,192.3094
"space",0.0700,192.5391,192.4690
"q",0.0881,192.7666,192.6785
"u",0.0655,192.8571,192.7916
"i",0.0665,193.0527,192.9861
"n",0.0616,193.2370,193.1754
"i",0.0599,193.4293,193.3694
"e",0.0648,193.5449,193.4801
"n",0.0602,193.6511,193.5909
"t",0.0572,193.7620,193.7048
"o",0.0773,193.8803,193.8030
"s",0.0839,194.0481,193.9642
"period",0.0681,194.1837,194.1156
"space",0.0602,194.4005,194.3403
"Shift_R",0.2315,194.7705,194.5390
"e",1457347678.8232,194.8234,-1457347483.9997
"l",0.0521,195.0302,194.9782
"l",0.0827,195.2020,195.1193
"o",0.0824,195.4035,195.3211
"s",0.0777,195.6262,195.5485
"space",0.0695,195.7470,195.6774
"d",0.1273,196.0517,195.9244
"i",0.0649,196.1707,196.1058
"j",0.0608,196.3975,196.3367
"e",0.0697,196.5948,196.5250
"r",0.0663,196.8320,196.7656
"o",0.0644,196.9821,196.9177
"n",0.0673,197.2315,197.1642
"space",0.0572,197.4456,197.3884
"q",0.0718,197.8478,197.7760
"u",0.0742,197.9946,197.9203
"i",0.0639,198.2004,198.1365
"n",0.0708,198.4021,198.3313
"i",0.0775,198.6156,198.5381
"mouse_left",0.0964,198.6357,198.5393
"e",0.0734,198.7718,198.6984
"n",0.0629,198.8750,198.8121
"t",0.0689,199.0158,198.9469
"o",0.0731,199.1465,199.0734
"s",0.0737,199.4377,199.3640
"comma",0.0653,199.6522,199.5869
"space",0.0597,199.9047,199.8451
"e",0.0699,200.1083,200.0384
"s",0.0881,200.3828,200.2947
"o",0.0703,200.7288,200.6585
"space",0.0505,200.9308,200.8803
"n",0.0565,201.1368,201.0802
"o",0.0667,201.3336,201.2669
"space",0.0423,201.5154,201.4731
"e",0.0703,201.6434,201.5731
"s",0.0871,201.8526,201.7655
"space",0.0700,201.9893,201.9193
"p",0.0845,202.1889,202.1044
"o",0.0788,202.4394,202.3606
"s",0.0888,202.6505,202.5618
"i",0.0629,202.7546,202.6917
"b",0.0760,202.9126,202.8365
"l",0.0837,203.0595,202.9758
"e",0.0658,203.2256,203.1599
"period",0.0699,203.3627,203.2928
"space",0.0694,203.5968,203.5274
"Shift_R",0.2061,203.9288,203.7227
"r",1457347687.9355,203.9358,-1457347483.9997
"e",0.0832,204.1648,204.0817
"p",0.0765,204.4541,204.3776
"l",0.0600,204.6958,204.6358
"i",0.0620,204.9139,204.8519
"c",0.0699,205.4588,205.3889
"acute",0.0790,205.6338,205.5548
"o",0.0621,205.8895,205.8274
"space",0.0685,206.2633,206.1948
"o",0.0716,207.3114,207.2398
"s",0.0898,207.5230,207.4332
"space",0.0533,207.6526,207.5993
"p",0.0758,207.9113,207.8354
"a",0.0886,208.0169,207.9283
"r",0.0589,208.2809,208.2219
"e",0.0612,208.4797,208.4185
"c",0.0648,208.7056,208.6408
"e",0.0734,208.9406,208.8673
"n",0.0762,209.0850,209.0088
"space",0.0349,209.2675,209.2326
"m",0.0677,209.4693,209.4016
"u",0.0691,209.6830,209.6139
"c",0.0788,209.8463,209.7675
"h",0.0582,209.9448,209.8866
"o",0.0738,210.1942,210.1204
"s",0.0781,210.4343,210.3562
"space",0.0701,210.9987,210.9287
"p",0.0839,212.7360,212.6521
"o",0.0695,212.9440,212.8745
"d",0.0837,213.0881,213.0045
"e",0.0796,213.3029,213.2233
"i",0.0661,213.5646,213.4985
"s",0.0885,213.7921,213.7036
"space",0.0708,213.9259,213.8551
"a",0.0784,214.1247,214.0462
"p",0.0571,214.2729,214.2158
"o",0.0704,214.5078,214.4374
"s",0.0937,214.6894,214.5956
"t",0.0620,214.9225,214.8606
"a",0.0704,215.1403,215.0699
"r",0.0586,215.3688,215.3102
"space",0.0630,215.4996,215.4366
"a",0.0838,215.6684,215.5846
"space",0.0663,215.8429,215.7765
"q",0.0946,216.0276,215.9330
"u",0.0835,216.1706,216.0870
"e",0.0760,216.3392,216.2632
"space",0.0607,216.5109,216.4502
"s",0.0834,216.9220,216.8386
"o",0.0715,217.0938,217.0224
"y",0.0666,217.3355,217.2689
"space",0.0604,217.5775,217.5171
"c",0.0705,217.7484,217.6778
"a",0.0706,217.9577,217.8871
"p",0.0754,218.1168,218.0413
"a",0.0838,218.2607,218.1769
"z",0.0779,218.6972,218.6193
"space",0.0624,218.9093,218.8468
"d",0.0705,219.6685,219.5981
"e",0.0792,219.9195,219.8402
"space",0.0700,220.1075,220.0375
"c",0.0761,220.4463,220.3702
"o",0.0654,220.6123,220.5469
"m",0.0732,221.0358,220.9626
"e",0.0690,221.2381,221.1690
"r",0.0604,221.4548,221.3944
"m",0.0604,221.7189,221.6585
"e",0.0705,221.9059,221.8354
"space",0.0529,222.0299,221.9770
"m",0.0704,222.2738,222.2034
"i",0.0704,222.4758,222.4054
"l",0.0801,222.7783,222.6982
"space",0.0650,222.9747,222.9097
"p",0.0863,223.2285,223.1422
"a",0.0849,223.3681,223.2832
"s",0.1014,223.6101,223.5087
"t",0.0618,223.8527,223.7910
"e",0.0627,224.0863,224.0236
"l",0.0691,224.2229,224.1538
"e",0.0787,224.3693,224.2906
"s",0.0797,224.6442,224.5646
"mouse_left",5.6719,232.6043,226.9324
"period",0.0876,235.6955,235.6079
"space",0.0538,235.9138,235.8600
"q",0.0960,236.1852,236.0892
"u",0.0703,236.3519,236.2816
"e",0.0829,236.5381,236.4552
"space",0.0609,236.7073,236.6463
"s",0.1063,238.0241,237.9179
"i",0.0781,238.5303,238.4522
"mouse_left",0.2229,243.3153,243.0923
"space",0.0895,244.8105,244.7210
"l",0.0597,246.2318,246.1721
"l",0.0777,246.4158,246.3381
"e",0.0684,246.6023,246.5339
"g",0.0701,246.8822,246.8120
"o",0.0627,246.9927,246.9300
"space",0.0569,247.1762,247.1193
"v",0.0657,247.3846,247.3189
"u",0.0615,247.4790,247.4175
"e",0.0632,247.6191,247.5559
"s",0.0796,247.8118,247.7322
"t",0.0556,247.9849,247.9293
"r",0.0733,248.2067,248.1335
"o",0.0709,248.3273,248.2564
"space",0.0620,248.5289,248.4669
"c",0.0705,248.6983,248.6278
"o",0.0607,248.8043,248.7436
"m",0.0729,249.0033,248.9304
"p",0.0702,249.2388,249.1686
"a",0.0834,249.4600,249.3766
"ntilde",0.0844,249.6436,249.5592
"e",0.0706,249.7856,249.7150
"r",0.0705,250.1130,250.0426
"o",0.0606,250.2341,250.1734
"space",0.0511,250.4545,250.4034
"y",0.0606,250.7084,250.6478
"space",0.0655,250.9386,250.8730
"l",0.0874,251.2756,251.1881
"e",0.0653,251.4748,251.4095
"space",0.0512,251.6020,251.5507
"e",0.0830,251.8870,251.8040
"n",0.0725,252.0095,251.9370
"t",0.0606,252.1162,252.0556
"r",0.0705,252.3050,252.2346
"e",0.0861,253.1072,253.0211
"g",0.0777,253.4855,253.4078
"u",0.0703,254.0202,253.9499
"acute",0.0789,254.6911,254.6122
"e",0.0654,254.9154,254.8500
"space",0.0691,255.0645,254.9954
"e",0.0705,255.2911,255.2206
"l",0.0652,255.4320,255.3668
"space",0.0650,255.6645,255.5995
"d",0.0827,255.9240,255.8413
"i",0.0609,256.0201,255.9592
"n",0.0608,256.2199,256.1590
"e",0.0658,256.3633,256.2976
"r",0.0592,256.5677,256.5086
"o",0.0625,256.6881,256.6256
"[65027]",0.0567,256.9454,256.8887
"space",0.0633,257.1939,257.1306
"p",0.0834,257.5316,257.4482
"o",0.0653,257.7859,257.7207
"r",0.0653,258.0865,258.0211
"q",0.0825,258.4578,258.3753
"u",0.0698,258.5808,258.5110
"e",0.0782,258.7523,258.6742
"space",0.0583,258.8985,258.8403
"v",0.0655,259.1787,259.1132
"o",0.0707,259.2792,259.2086
"s",0.0884,259.4839,259.3956
"o",0.0581,259.5848,259.5268
"t",0.0560,259.7457,259.6897
"r",0.0591,259.9476,259.8885
"o",0.0709,260.1039,260.0330
"s",0.0839,260.2705,260.1866
"space",0.0397,260.3607,260.3210
"m",0.0702,260.6049,260.5348
"e",0.0698,260.8194,260.7496
"space",0.0606,260.9789,260.9184
"o",0.0685,261.2818,261.2133
"r",0.0554,261.4529,261.3976
"d",0.0785,261.7325,261.6540
"e",0.0750,261.9872,261.9122
"n",0.0649,262.2170,262.1522
"mouse_left",0.2309,262.4962,262.2653
"acute",0.0747,262.7082,262.6335
"a",0.0755,262.8431,262.7676
"s",0.0697,263.0395,262.9697
"t",0.0684,263.2653,263.1969
"e",0.0863,263.5095,263.4232
"i",0.0657,263.6633,263.5976
"s",0.0772,263.8855,263.8083
"comma",0.0695,264.1253,264.0558
"space",0.0654,264.3755,264.3101
"d",0.0698,264.6825,264.6128
"a",0.0693,264.9145,264.8453
"s",0.0948,265.1497,265.0549
"e",0.0777,265.3742,265.2965
"l",0.0761,265.4795,265.4034
"o",0.0612,265.6702,265.6089
"period",0.0836,265.9193,265.8357
"space",0.0526,266.1409,266.0883
"N",0.0749,266.5438,266.4689
"Shift_L",0.2685,266.5918,266.3233
"o",0.0648,266.7769,266.7121
"mouse_left",0.1005,267.1129,267.0124
"s",0.0913,267.1153,267.0240
"o",0.0606,267.1854,267.1248
"t",0.0470,267.3364,267.2894
"r",0.0667,267.5379,267.4712
"o",0.0703,267.7001,267.6298
"s",0.1130,267.9478,267.8348
"space",0.0566,268.1967,268.1401
"d",0.0646,268.3485,268.2839
"e",0.0696,268.5265,268.4570
"c",0.0867,268.8019,268.7151
"i",0.0650,268.9087,268.8437
"a",0.0828,269.0945,269.0117
"m",0.0620,269.2086,269.1466
"o",0.0645,269.4152,269.3507
"s",0.0753,269.5647,269.4894
"space",0.0394,269.6774,269.6380
"s",0.0998,269.9557,269.8559
"o",0.0592,270.0632,270.0041
"l",0.0995,270.3467,270.2471
"a",0.0861,270.5915,270.5054
"m",0.0595,270.7266,270.6671
"e",0.0695,270.8981,270.8286
"n",0.0637,270.9818,270.9180
"t",0.0638,271.1389,271.0751
"e",0.0743,271.4429,271.3686
"space",0.0545,271.6158,271.5612
"q",0.0772,272.1457,272.0685
"u",0.0654,272.2796,272.2142
"e",0.0770,272.4427,272.3656
"space",0.0393,272.5921,272.5528
"l",0.0840,272.8546,272.7706
"e",0.0644,273.0176,272.9532
"space",0.0692,273.1843,273.1151
"d",0.0826,273.4243,273.3417
"i",0.0652,273.5356,273.4705
"e",0.0644,273.6565,273.5920
"r",0.0755,274.0939,274.0184
"a",0.0678,274.2949,274.2271
"s",0.1002,274.5701,274.4700
"space",0.0740,274.7259,274.6519
"e",0.0778,274.8980,274.8202
"l",0.0819,275.0666,274.9847
"space",0.0605,275.2539,275.1934
"c",0.1051,275.5136,275.4085
"o",0.0641,275.7126,275.6485
"b",0.0954,276.2554,276.1600
"e",0.0776,276.4848,276.4072
"r",0.0701,276.7170,276.6469
"t",0.0728,277.1887,277.1159
"o",0.0776,277.3602,277.2826
"r",0.0697,277.6653,277.5956
"comma",0.0693,278.0428,277.9735
"space",0.0479,278.2736,278.2257
"c",0.1483,278.8884,278.7401
"o",0.0662,279.0444,278.9782
"n",0.0679,279.2672,279.1993
"s",0.0987,279.4438,279.3451
"t",0.0725,280.0668,279.9943
"a",0.0791,280.3325,280.2535
"r",0.0648,280.5692,280.5043
"o",0.0659,280.6750,280.6091
"n",0.0733,280.8973,280.8240
"period",0.0788,281.1487,281.0699
"space",0.0546,281.3818,281.3271
"P",0.0939,281.8177,281.7239
"Shift_L",0.3333,281.8562,281.5230
"e",0.0750,282.1164,282.0414
"r",0.0688,282.4200,282.3513
"o",0.0712,282.6649,282.5937
"space",0.0604,282.9367,282.8763
"mouse_left",0.0998,283.0455,282.9457
"e",0.0806,283.2909,283.2103
"l",0.0920,283.4082,283.3163
"space",0.0594,283.5569,283.4975
"m",0.0731,283.7943,283.7212
"e",0.0700,284.0238,283.9538
"space",0.0702,284.1572,284.0870
"p",0.0737,284.5846,284.5109
"i",0.0609,284.8236,284.7628
"d",0.0751,285.0887,285.0136
"i",0.0574,285.2022,285.1447
"acute",0.0777,285.6161,285.5384
"o",0.0666,285.8876,285.8211
"space",0.0684,286.1613,286.0929
"e",0.0833,286.4103,286.3270
"l",0.0834,286.5341,286.4507
"space",0.0639,286.7198,286.6559
"mouse_left",0.1004,287.0026,286.9022
"d",0.1107,287.1837,287.0730
"i",0.0621,287.2699,287.2078
"n",0.0738,287.4900,287.4162
"e",0.0745,287.6482,287.5737
"mouse_left",0.1004,287.7313,287.6308
"r",0.0744,288.0380,287.9635
"o",0.0860,288.2202,288.1342
"period",0.0953,288.9060,288.8107
"Return",0.0689,289.8292,289.7604
"E",96.3256,291.0743,194.7487
"Shift_R",0.2661,291.0819,290.8157
"n",0.0734,291.3450,291.2716
"t",0.1843,291.7042,291.5199
"o",0.0659,291.9060,291.8401
"n",0.0706,292.1126,292.0420
"c",0.0656,292.2411,292.1755
"e",0.0603,292.4406,292.3802
"s",0.0961,292.7010,292.6049
"space",0.0392,292.8058,292.7666
"l",0.0850,293.0524,292.9674
"a",0.0833,293.2040,293.1207
"space",0.0519,293.3300,293.2782
"l",0.0625,293.5298,293.4673
"l",0.0948,293.7232,293.6284
"mouse_left",0.0999,293.8169,293.7170
"e",0.0698,293.8523,293.7826
"v",0.0737,294.0626,293.9890
"a",0.0753,294.2685,294.1931
"r",0.0580,294.5066,294.4486
"o",0.0607,295.0968,295.0361
"n",0.0622,295.3536,295.2914
"space",0.0576,295.9272,295.8696
"a",0.0922,296.4995,296.4073
"n",0.0704,296.6209,296.5506
"t",0.0517,296.7919,296.7402
"e",0.0702,297.0831,297.0129
"space",0.0655,297.2722,297.2067
"e",0.0730,297.6914,297.6184
"l",0.1005,297.8382,297.7377
"space",0.0498,297.9986,297.9487
"j",0.0695,298.2147,298.1451
"u",0.0768,298.4197,298.3429
"e",0.0735,298.5690,298.4956
"z",0.0755,298.8289,298.7534
"d",0.0658,299.1311,299.0653
"e",0.0788,299.3438,299.2649
"space",0.0691,299.4851,299.4159
"a",0.0835,299.7674,299.6840
"q",0.0829,300.2087,300.1258
"u",0.0697,300.3470,300.2774
"e",0.0730,300.5214,300.4484
"l",0.0657,300.6959,300.6302
"l",0.0906,300.8877,300.7971
"a",0.0830,301.1069,301.0239
"space",0.0651,301.2429,301.1778
"c",0.0781,301.3998,301.3216
"o",0.0626,301.4933,301.4306
"m",0.0701,301.7329,301.6628
"a",0.0924,301.8934,301.8010
"r",0.0443,302.0400,301.9957
"c",0.0752,302.2596,302.1844
"a",0.0787,302.4620,302.3833
"space",0.0560,302.5905,302.5345
"y",0.0695,302.8103,302.7408
"space",0.0744,303.0528,302.9783
"p",0.0881,303.3385,303.2504
"r",0.0526,303.4989,303.4464
"e",0.0657,303.6932,303.6275
"s",0.0787,303.9054,303.8268
"e",0.0650,304.0989,304.0339
"n",0.0655,304.1982,304.1327
"t",0.0610,304.3276,304.2665
"a",0.0739,304.5359,304.4619
"r",0.0625,304.7941,304.7316
"o",0.0699,304.9123,304.8424
"n",0.0654,305.1319,305.0664
"space",0.0425,305.3311,305.2886
"e",0.0651,305.4617,305.3966
"s",0.0955,305.6738,305.5783
"t",0.0702,305.8754,305.8052
"a",0.0832,306.1837,306.1005
"space",0.0650,306.3501,306.2851
"q",0.0876,306.7696,306.6820
"u",0.0758,306.8804,306.8046
"e",0.0825,307.1071,307.0245
"r",0.0855,307.5143,307.4287
"e",0.0870,307.7881,307.7011
"l",0.0730,308.0340,307.9609
"l",0.1036,308.2431,308.1395
"a",0.0879,308.7698,308.6819
"period",0.0754,309.0204,308.9449
"space",0.0703,309.2603,309.1900
"S",262.9142,309.5440,46.6298
"Shift_R",0.1686,309.5601,309.3915
"e",0.0780,309.7678,309.6898
"ntilde",0.0885,309.9320,309.8435
"o",0.0624,310.1893,310.1269
"r",0.0682,310.5199,310.4516
"space",0.0696,310.6712,310.6016
"j",0.0555,310.9359,310.8804
"u",0.0687,311.1353,311.0666
"mouse_left",0.1003,311.1520,311.0517
"e",0.0818,311.2653,311.1835
"z",0.0897,311.5309,311.4412
"comma",0.0729,311.6901,311.6172
"s",0.0835,312.1776,312.0941
"a",0.1161,312.4216,312.3055
"b",0.0729,312.6109,312.5380
"e",0.0673,312.8435,312.7762
"mouse_left",0.1004,312.8574,312.7570
"d",0.0755,313.2351,313.1595
"space",0.0700,313.3958,313.3259
"q",0.0789,313.5864,313.5075
"u",0.0658,313.7047,313.6389
"e",0.0736,313.8761,313.8025
"space",0.0401,313.9799,313.9399
"n",0.0529,314.1786,314.1257
"o",0.0724,314.3830,314.3106
"mouse_left",0.0999,314.5187,314.4188
"s",0.0974,314.5595,314.4621
"o",0.0622,314.6300,314.5678
"t",0.0559,314.7523,314.6964
"r",0.0656,314.9391,314.8735
"o",0.0604,315.0576,314.9972
"s",0.0734,315.2193,315.1459
"space",0.0604,315.3327,315.2724
"e",0.0878,315.6506,315.5628
"r",0.0704,315.8797,315.8093
"a",0.0753,316.1144,316.0391
"m",0.0656,316.2265,316.1610
"o",0.0646,316.4381,316.3735
"s",0.0956,316.5926,316.4970
"space",0.0642,316.7713,316.7070
"3",0.0746,317.3794,317.3048
"space",0.0640,317.5559,317.4919
"v",0.0806,317.9284,317.8478
"i",0.0685,318.0299,317.9614
"mouse_left",0.1005,318.1722,318.0717
"a",0.0777,318.2113,318.1336
"j",0.0652,318.3520,318.2868
"e",0.0803,318.5742,318.4939
"s",0.0931,319.1022,319.0091
"space",0.0732,319.5727,319.4995
"q",0.1008,319.8803,319.7794
"u",0.0737,319.9916,319.9179
"e",0.0702,320.1695,320.0993
"space",0.0625,320.3164,320.2540
"d",0.0913,320.7206,320.6294
"o",0.0726,320.8765,320.8039
"r",0.0962,321.9017,321.8055
"o",0.0825,323.3896,323.3071
"BackSpace",0.1004,325.6808,325.5804
"m",0.0656,326.7221,326.6564
"i",0.0612,326.9844,326.9232
"a",0.1004,327.2371,327.1367
"m",0.0594,327.3886,327.3292
"o",0.0750,327.6150,327.5400
"s",0.0915,327.8377,327.7462
"space",0.0596,327.9684,327.9088
"e",0.0737,328.2388,328.1651
"n",0.0698,328.3999,328.3301
"space",0.0556,328.6783,328.6227
"l",0.0799,328.9372,328.8574
"a",0.0781,329.1094,329.0312
"space",0.0522,329.2152,329.1630
"m",0.0652,329.4371,329.3720
"i",0.0719,329.6688,329.5969
"s",0.0928,330.1671,330.0742
"m",0.0698,330.4590,330.3892
"a",0.0765,330.7248,330.6483
"space",0.0622,330.8554,330.7932
"h",0.0689,331.1415,331.0726
"a",0.0957,331.4160,331.3202
"b",0.0904,331.9102,331.8198
"i",0.0651,332.0647,331.9996
"t",0.0757,332.3498,332.2741
"a",0.0687,332.5772,332.5085
"c",0.0843,332.8189,332.7346
"acute",0.0923,333.3316,333.2393
"o",0.0598,333.6097,333.5499
"n",0.0727,334.1575,334.0847
"space",0.0857,334.8489,334.7632
"space",0.0846,340.0262,339.9416
"y",0.0743,340.3087,340.2344
"space",0.0651,340.5345,340.4693
"h",0.0657,340.7711,340.7054
"a",0.0831,340.9773,340.8941
"b",0.0963,341.4350,341.3386
"acute",0.0798,341.6388,341.5590
"i",0.0655,341.8819,341.8164
"a",0.0834,342.0679,341.9845
"m",0.0560,342.1746,342.1186
"o",0.0658,342.3766,342.3108
"s",0.0830,342.5053,342.4224
"space",0.0523,342.6508,342.5985
"e",0.0750,342.9323,342.8573
"n",0.0650,343.3130,343.2481
"c",0.0697,343.5366,343.4669
"a",0.0706,343.7392,343.6686
"r",0.0486,343.9313,343.8827
"g",0.0604,344.1274,344.0670
"a",0.0703,344.3342,344.2639
"d",0.0876,344.8642,344.7766
"o",0.0698,345.2447,345.1749
"space",0.0778,346.0986,346.0208
"a",0.0967,347.5207,347.4240
"space",0.0552,347.6375,347.5823
"l",0.0856,347.8939,347.8083
"a",0.0934,348.0613,347.9679
"space",0.0652,348.1677,348.1025
"p",0.0821,348.3935,348.3114
"o",0.0758,348.6044,348.5286
"s",0.0931,348.7452,348.6521
"a",0.0732,348.9343,348.8611
"d",0.0832,349.1537,349.0706
"e",0.0730,349.3326,349.2597
"r",0.0571,349.5038,349.4467
"a",0.0688,349.7144,349.6456
"space",0.0608,349.8605,349.7997
"q",0.1006,350.0467,349.9461
"u",0.0738,350.2946,350.2208
"e",0.0833,350.4685,350.3853
"space",0.0704,350.6247,350.5543
"g",0.0731,350.9785,350.9054
"u",0.0706,351.0871,351.0165
"a",0.0835,351.2334,351.1499
"r",0.0432,351.4082,351.3649
"d",0.0732,351.6400,351.5668
"a",0.0830,351.8411,351.7581
"r",0.0719,352.0376,351.9657
"a",0.0746,352.2519,352.1774
"space",0.0656,352.4066,352.3411
"n",0.0663,352.6139,352.5476
"u",0.0709,352.8240,352.7531
"e",0.0791,352.9240,352.8448
"s",0.0962,353.1362,353.0400
"t",0.0531,353.3124,353.2594
"r",0.0782,353.5649,353.4867
"o",0.0731,353.7139,353.6409
"space",0.0621,353.9075,353.8454
"mouse_left",0.0996,354.1279,354.0283
"d",0.1004,354.1567,354.0564
"i",0.0603,354.2256,354.1653
"n",0.0643,354.4232,354.3589
"e",0.0690,354.5694,354.5005
"mouse_left",0.1001,354.6632,354.5630
"r",0.0706,354.7763,354.7057
"o",0.0652,354.8999,354.8347
"space",0.0335,355.0946,355.0611
"y",0.0564,355.3139,355.2576
"space",0.0449,355.5233,355.4784
"q",0.0879,355.6570,355.5691
"u",0.0557,355.8113,355.7556
"e",0.0710,355.9629,355.8919
"space",0.0570,356.0844,356.0275
"s",0.1048,356.5586,356.4539
"o",0.0646,356.6443,356.5797
"l",0.0647,356.8362,356.7715
"o",0.0597,357.0306,356.9709
"space",0.0548,357.2579,357.2031
"l",0.0715,357.9085,357.8370
"o",0.0699,358.1107,358.0408
"space",0.0275,358.3223,358.2948
"e",0.0811,358.5306,358.4495
"n",0.0644,358.5928,358.5284
"t",0.0615,358.7439,358.6824
"r",0.0747,358.9445,358.8698
"e",0.0691,359.2178,359.1487
"g",0.0603,359.4076,359.3474
"a",0.0767,359.6154,359.5386
"r",0.0651,359.8905,359.8254
"a",0.0729,360.1478,360.0749
"space",0.0699,360.2994,360.2294
"s",0.0644,360.4928,360.4284
"i",0.0601,360.6276,360.5675
"space",0.0645,361.2644,361.1999
"s",0.0696,361.4881,361.4185
"e",0.0737,361.7323,361.6586
"space",0.0553,361.8468,361.7915
"l",0.0652,362.0511,361.9859
"o",0.0576,362.2535,362.1959
"space",0.0731,362.5109,362.4377
"p",0.0673,362.7510,362.6837
"d",0.0793,363.0478,362.9685
"mouse_left",0.1007,368.4947,368.3940
"e",0.0664,368.6300,368.5636
"d",0.0726,368.9035,368.8309
"i",0.0732,369.0576,368.9845
"a",0.0807,369.2567,369.1759
"m",0.0589,369.4219,369.3630
"o",0.0824,369.7133,369.6310
"mouse_left",0.1004,370.0042,369.9038
"s",0.0953,370.7146,370.6193
"space",0.0713,371.3919,371.3206
"l",0.0777,371.6728,371.5951
"o",0.0738,371.8791,371.8053
"s",0.0905,372.0850,371.9945
"space",0.0650,372.2135,372.1485
"3",0.0748,372.4741,372.3993
"space",0.0596,372.6521,372.5925
"j",0.0702,372.8962,372.8260
"u",0.0600,373.0886,373.0286
"n",0.0729,373.3088,373.2360
"t",0.0613,373.4511,373.3898
"o",0.0761,373.5765,373.5004
"s",0.0857,373.7958,373.7101
"mouse_left",0.1919,376.2418,376.0498
"mouse_left",0.2003,377.3942,377.1940
"mouse_left",0.1998,378.3859,378.1861
"mouse_left",0.2006,379.2661,379.0655
"comma",0.0700,381.2764,381.2064
"space",0.0592,381.6836,381.6244
"mouse_left",0.1002,382.5878,382.4876
"p",0.0850,382.6272,382.5422
"e",0.0822,382.7613,382.6790
"r",0.0728,383.0537,382.9809
"o",0.0749,383.2130,383.1382
"space",0.0550,383.4350,383.3800
"e",0.0735,383.8012,383.7277
"l",0.0676,383.9525,383.8849
"l",0.0880,384.1518,384.0637
"a",0.0874,384.5911,384.5037
"space",0.0676,384.9041,384.8365
"d",0.0725,385.6894,385.6170
"i",0.0649,385.8859,385.8210
"c",0.1348,386.2634,386.1286
"e",0.0693,386.7548,386.6855
"space",0.0747,386.9997,386.9250
"q",0.0797,387.2186,387.1389
"u",0.0687,387.3373,387.2686
"e",0.0730,387.5142,387.4412
"space",0.0571,387.6424,387.5853
"s",0.0773,387.7836,387.7064
"e",0.0839,388.0184,387.9345
"space",0.0700,388.1570,388.0871
"l",0.0690,388.3628,388.2939
"o",0.0755,388.5830,388.5075
"space",0.0489,388.8065,388.7576
"h",0.0783,389.0836,389.0054
"a",0.0783,389.4473,389.3690
"space",0.0598,389.6011,389.5412
"h",0.0646,389.8206,389.7560
"BackSpace",0.0631,390.7038,390.6408
"d",0.0749,391.0142,390.9393
"a",0.0835,391.2198,391.1362
"d",0.0681,391.5025,391.4344
"o",0.0681,391.6212,391.5531
"space",0.0548,391.8072,391.7525
"a",0.0822,392.0083,391.9262
"space",0.0573,392.1278,392.0705
"o",0.0748,392.3702,392.2954
"t",0.0704,392.4663,392.3960
"r",0.0742,392.7251,392.6509
"o",0.0739,392.9149,392.8409
"space",0.0618,393.1266,393.0647
"v",0.0731,393.3219,393.2488
"i",0.0757,393.4146,393.3389
"a",0.0730,393.6089,393.5359
"j",0.0651,393.8005,393.7355
"e",0.0829,394.3842,394.3012
"r",0.0816,394.8053,394.7237
"o",0.0597,395.3259,395.2662
"space",0.0701,395.6186,395.5485
"y",0.0692,396.6287,396.5595
"space",0.0562,396.8905,396.8343
"e",0.0654,397.8946,397.8292
"s",0.0793,398.1202,398.0410
"e",0.0771,398.4352,398.3581
"space",0.0773,398.6072,398.5299
"v",0.0646,398.7760,398.7113
"i",0.0753,398.8893,398.8139
"a",0.0602,399.0379,398.9777
"j",0.0650,399.1645,399.0995
"e",0.0695,399.3375,399.2680
"r",0.0666,399.5799,399.5133
"o",0.0655,399.7068,399.6413
"space",0.0567,399.9057,399.8489
"s",0.0851,400.3981,400.3130
"e",0.0727,400.6005,400.5278
"space",0.0510,400.7117,400.6607
"h",0.0698,400.9566,400.8868
"a",0.0781,401.1686,401.0906
"space",0.0626,401.3148,401.2523
"m",0.0743,401.7001,401.6258
"a",0.0755,401.9002,401.8246
"r",0.0597,402.0848,402.0251
"c",0.0848,402.3403,402.2556
"h",0.0678,402.4934,402.4256
"a",0.0801,402.6694,402.5894
"d",0.1010,402.9680,402.8671
"o",0.0699,403.0787,403.0088
"period",0.0954,403.3743,403.2788
"Return",0.0608,404.0043,403.9435
"Shift_R",0.4128,405.4854,405.0726
"e",1457347889.5092,405.5095,-1457347483.9997
"l",0.0955,405.7552,405.6597
"space",0.0570,405.9219,405.8649
"j",0.0686,406.1400,406.0715
"u",0.0662,406.3530,406.2868
"e",0.0700,406.5695,406.4996
"z",0.0720,406.8501,406.7782
"space",0.0655,406.9864,406.9209
"o",0.0647,407.2054,407.1408
"r",0.0574,407.3226,407.2651
"d",0.0642,407.5252,407.4611
"e",0.0708,407.7426,407.6719
"n",0.0750,407.9157,407.8407
"acute",0.0773,408.3796,408.3023
"o",0.0529,408.6177,408.5648
"space",0.0252,408.8439,408.8187
"a",0.0831,409.0387,408.9556
"space",0.0562,409.1740,409.1178
"l",0.0825,409.4246,409.3421
"a",0.0826,409.5935,409.5110
"space",0.0602,409.7267,409.6666
"p",0.0722,409.9676,409.8955
"mouse_left",0.1007,410.1371,410.0364
"o",0.0708,410.1756,410.1048
"s",0.0877,410.3107,410.2230
"a",0.0831,410.5206,410.4375
"d",0.0852,410.7227,410.6375
"e",0.0701,410.9024,410.8323
"r",0.0624,411.0911,411.0287
"a",0.0733,411.2935,411.2202
"space",0.0659,411.4504,411.3846
"q",0.0829,411.5989,411.5160
"u",0.0653,411.7247,411.6594
"e",0.0706,411.8691,411.7985
"space",0.0490,411.9969,411.9479
"l",0.0698,412.2182,412.1484
"e",0.0658,412.3290,412.2632
"s",0.0855,412.5342,412.4487
"space",0.0604,412.6777,412.6173
"d",0.0832,412.7860,412.7028
"e",0.0641,412.9770,412.9129
"v",0.0668,413.1941,413.1273
"o",0.0552,413.2800,413.2248
"l",0.0754,413.5001,413.4247
"v",0.0627,413.6181,413.5554
"i",0.0604,414.2420,414.1816
"e",0.0729,414.4114,414.3385
"r",0.0471,414.5723,414.5252
"a",0.0627,414.7767,414.7140
"space",0.0666,414.9079,414.8413
"e",0.0685,415.0800,415.0115
"l",0.0745,415.1975,415.1230
"space",0.0575,415.3702,415.3127
"d",0.1015,415.5977,415.4963
"i",0.0573,415.6530,415.5957
"n",0.0750,415.8526,415.7776
"e",0.0702,415.9760,415.9057
"r",0.0554,416.1779,416.1225
"o",0.0711,416.3153,416.2442
"comma",0.0655,416.6003,416.5348
"space",0.0685,416.8176,416.7491
"p",0.0787,417.0847,417.0060
"e",0.0750,417.2375,417.1624
"r",0.0657,417.4699,417.4042
"o",0.0710,417.5738,417.5028
"space",0.0582,417.7700,417.7118
"e",0.0773,417.9999,417.9225
"l",0.0660,418.1012,418.0352
"l",0.0952,418.3156,418.2204
"a",0.0882,418.5983,418.5101
"space",0.0704,418.7402,418.6699
"d",0.0832,418.9219,418.8387
"i",0.0630,419.0045,418.9415
"j",0.0718,419.2240,419.1522
"o",0.0863,419.5477,419.4614
"mouse_left",0.1005,420.3946,420.2941
"comma",0.0687,420.5424,420.4737
"space",0.0628,420.8067,420.7440
"n",0.0764,421.3555,421.2791
"o",0.0349,421.8821,421.8472
"BackSpace",0.0631,422.6575,422.5945
"BackSpace",0.0698,422.8456,422.7758
"y",0.0705,423.6496,423.5791
"a",0.0888,424.0110,423.9223
"space",0.0626,424.1925,424.1298
"n",0.0665,424.4122,424.3457
"o",0.0708,424.6172,424.5464
"space",0.0508,424.7961,424.7452
"l",0.0704,424.9977,424.9273
"o",0.0576,425.1977,425.1401
"space",0.0652,425.4594,425.3942
"t",0.0650,425.6488,425.5839
"e",0.0654,425.8738,425.8084
"n",0.0660,425.9869,425.9209
"g",0.0690,426.3969,426.3279
"o",0.0662,426.5057,426.4395
"comma",0.0656,426.7397,426.6741
"space",0.0626,426.9700,426.9074
"s",0.0785,427.1240,427.0455
"e",0.0789,427.3383,427.2594
"space",0.0616,427.4429,427.3814
"l",0.0694,427.6368,427.5674
"o",0.0667,427.8420,427.7753
"space",0.0606,428.0679,428.0073
"d",0.0960,428.3531,428.2570
"i",0.0533,428.4642,428.4108
"space",0.0701,428.6980,428.6278
"t",0.0605,428.8984,428.8379
"o",0.0752,429.0241,428.9489
"d",0.0839,429.2166,429.1328
"o",0.0753,429.3953,429.3200
"space",0.0658,429.6257,429.5598
"a",0.0835,429.8874,429.8039
"l",0.0653,430.0441,429.9788
"space",0.0578,430.3226,430.2647
"o",0.0733,430.8549,430.7816
"t",0.0604,430.9907,430.9303
"r",0.0654,431.2058,431.1404
"o",0.0694,431.3223,431.2528
"space",0.0610,431.4736,431.4127
"v",0.0836,431.7466,431.6630
"i",0.0740,431.8726,431.7986
"a",0.0736,432.0366,431.9630
"j",0.0655,432.1928,432.1273
"e",0.0749,432.3565,432.2816
"r",0.0608,432.5866,432.5258
"o",0.0618,432.6966,432.6348
"period",0.0980,432.9727,432.8747
"space",0.0524,433.1823,433.1299
"Shift_R",0.1919,433.4908,433.2989
"e",1457347917.5227,433.5230,-1457347483.9997
"l",0.1224,433.7748,433.6524
"space",0.0656,433.9271,433.8615
"mouse_left",0.1005,434.1063,434.0058
"j",0.0616,434.1414,434.0799
"u",0.0725,434.3351,434.2626
"e",0.0640,434.4497,434.3856
"z",0.0750,434.6965,434.6215
"space",0.0538,434.8307,434.7769
"d",0.0834,435.0451,434.9617
"i",0.0607,435.1461,435.0854
"o",0.0717,435.4941,435.4224
"space",0.0593,435.7165,435.6573
"d",0.0954,435.9413,435.8459
"o",0.0648,436.1514,436.0866
"s",0.0829,436.3457,436.2627
"space",0.0599,436.4522,436.3923
"d",0.0730,436.8256,436.7525
"acute",0.0826,437.1410,437.0583
"i",0.0565,437.3721,437.3156
"a",0.0793,437.5041,437.4249
"s",0.0775,437.7394,437.6619
"space",0.0571,437.8530,437.7960
"d",0.0604,438.0146,437.9542
"e",0.0680,438.2243,438.1563
"space",0.0703,438.3573,438.2871
"p",0.0760,438.5991,438.5232
"l",0.0922,438.8662,438.7740
"a",0.0884,439.0592,438.9707
"z",0.1135,439.8248,439.7113
"o",0.0623,440.1543,440.0921
"space",0.0478,440.3670,440.3192
"a",0.0880,440.5890,440.5009
"space",0.0654,440.7587,440.6932
"l",0.0789,441.0465,440.9676
"a",0.0749,441.2393,441.1643
"space",0.0658,441.3996,441.3338
"p",0.0828,441.6390,441.5561
"o",0.0705,441.8617,441.7913
"s",0.0793,442.0162,441.9369
"a",0.0783,442.2432,442.1650
"d",0.0783,442.4656,442.3873
"e",0.0731,442.6653,442.5923
"r",0.0698,442.9067,442.8370
"a",0.0747,443.3810,443.3063
"space",0.0746,443.8791,443.8044
"p",0.0819,444.1886,444.1067
"e",0.0799,444.3208,444.2409
"n",0.0609,444.4307,444.3697
"s",0.0796,444.7065,444.6270
"a",0.0817,444.9357,444.8541
"n",0.0690,445.0633,444.9943
"d",0.0793,445.2265,445.1473
"o",0.0581,445.3231,445.2650
"space",0.0417,445.5119,445.4702
"q",0.0751,445.6411,445.5660
"u",0.0600,445.7947,445.7348
"e",0.0650,445.9490,445.8840
"space",0.0515,446.0974,446.0460
"a",0.0828,446.3048,446.2220
"q",0.0852,446.6156,446.5303
"u",0.0695,446.7895,446.7200
"e",0.0727,446.9264,446.8537
"l",0.0543,447.0797,447.0254
"l",0.1053,447.2843,447.1790
"o",0.0653,447.5071,447.4418
"space",0.0423,447.7260,447.6837
"s",0.0921,447.9284,447.8364
"e",0.0654,448.1560,448.0906
"r",0.0735,448.4840,448.4105
"acute",0.0829,448.7820,448.6990
"i",0.0702,449.0520,448.9818
"a",0.0776,449.2916,449.2140
"space",0.0653,449.4857,449.4204
"s",0.0956,449.7487,449.6530
"u",0.0785,449.8446,449.7662
"space",0.0648,450.0866,450.0219
"r",0.0729,450.4529,450.3800
"u",0.0697,450.5868,450.5171
"i",0.0573,450.7986,450.7413
"n",0.0657,451.0261,450.9604
"a",0.0776,451.2420,451.1643
"space",0.0631,451.3895,451.3264
"y",0.0665,451.6466,451.5801
"space",0.0650,451.9013,451.8363
"q",0.0766,452.0636,451.9871
"mouse_left",0.1002,452.0705,451.9702
"u",0.0670,452.1959,452.1289
"e",0.0657,452.3511,452.2854
"space",0.0652,452.5023,452.4372
"p",0.0834,452.7347,452.6513
"e",0.0973,452.9391,452.8418
"r",0.0604,453.1608,453.1004
"d",0.0705,453.3755,453.3050
"e",0.0784,453.5798,453.5014
"r",0.0606,453.8981,453.8374
"acute",0.0794,454.1227,454.0434
"i",0.0652,454.3695,454.3044
"a",0.0875,454.5580,454.4705
"space",0.0610,454.7136,454.6526
"l",0.0928,454.9932,454.9003
"a",0.0749,455.2555,455.1806
"space",0.0608,455.4782,455.4174
"p",0.0843,455.9864,455.9020
"o",0.0703,456.2311,456.1608
"s",0.0918,456.4865,456.3947
"a",0.0947,456.7499,456.6552
"d",0.0867,457.0571,456.9704
"a",0.0796,457.6076,457.5279
"period",0.0862,458.5707,458.4844
"space",0.0593,458.7983,458.7390
"Shift_R",0.1786,459.0852,458.9066
"e",1457347943.1252,459.1255,-1457347483.9997
"n",0.0738,459.3233,459.2495
"t",0.0665,459.4785,459.4120
"i",0.0313,459.8826,459.8514
"o",0.0590,459.9079,459.8488
"n",0.0696,460.1305,460.0609
"c",0.0759,460.2927,460.2167
"e",0.0697,460.5084,460.4387
"s",0.0614,460.7585,460.6972
"space",0.0621,460.8719,460.8098
"e",0.0742,461.0435,460.9694
"l",0.0796,461.1544,461.0748
"space",0.0622,461.3016,461.2393
"c",0.0827,461.4756,461.3929
"h",0.0653,461.5715,461.5063
"i",0.0791,461.7879,461.7089
"c",0.0752,461.9986,461.9234
"o",0.0656,462.1096,462.0440
"space",0.0559,462.3089,462.2530
"q",0.0827,462.4579,462.3752
"u",0.0640,462.6191,462.5550
"e",0.0697,462.7908,462.7210
"space",0.0590,462.9378,462.8788
"c",0.0779,463.2326,463.1547
"u",0.0701,463.3567,463.2866
"i",0.0601,463.5913,463.5312
"d",0.0746,463.7760,463.7014
"a",0.0908,463.9828,463.8920
"b",0.0808,464.3233,464.2425
"a",0.0748,464.5757,464.5009
"space",0.0517,464.7219,464.6702
"l",0.0765,464.9828,464.9064
"a",0.0733,465.1367,465.0635
"s",0.0925,465.4519,465.3594
"space",0.0616,465.6010,465.5393
"c",0.0772,465.8879,465.8107
"a",0.0939,466.1092,466.0153
"b",0.0844,466.3759,466.2915
"r",0.0905,466.6876,466.5971
"a",0.1002,467.0179,466.9177
"s",0.0843,467.8830,467.7986
"space",0.0851,468.4894,468.4043
"l",0.0850,469.3619,469.2769
"e",0.0634,469.7664,469.7030
"space",0.0636,470.0211,469.9574
"d",0.0975,470.3837,470.2862
"i",0.0623,470.4871,470.4248
"j",0.0705,470.6998,470.6293
"o",0.0956,471.0022,470.9066
"comma",0.0626,471.8308,471.7682
"space",0.0648,472.0984,472.0336
"exclamdown",0.0698,473.1748,473.1049
"Shift_L",0.5046,473.2142,472.7095
"q",0.0888,473.7348,473.6460
"u",0.0603,473.8575,473.7972
"e",0.0702,474.0067,473.9365
"space",0.0608,474.1411,474.0803
"o",0.0859,474.5017,474.4157
"c",0.0886,474.6912,474.6026
"u",0.0608,474.8275,474.7667
"r",0.0555,474.9761,474.9206
"r",0.0683,475.1679,475.0996
"e",0.0738,475.4840,475.4102
"space",0.0707,475.6252,475.5545
"p",0.0833,475.8520,475.7687
"o",0.0845,476.0890,476.0045
"s",0.0933,476.4350,476.3418
"a",0.0875,476.6799,476.5925
"d",0.0752,476.8975,476.8222
"e",0.0706,477.1000,477.0294
"r",0.0668,477.3439,477.2770
"a",0.0735,478.2363,478.1629
"question",0.0712,478.7736,478.7024
"Shift_L",0.2716,478.8033,478.5317
"space",0.0715,479.2182,479.1468
"Shift_L",0.2444,479.9758,479.7314
"l",1457347963.9786,479.9789,-1457347483.9997
"a",0.0891,480.2791,480.1900
"space",0.0623,480.4422,480.3799
"p",0.0753,480.6519,480.5766
"o",0.0758,480.8646,480.7888
"s",0.0822,480.9848,480.9026
"a",0.0889,481.1895,481.1006
"d",0.0740,481.3643,481.2903
"e",0.0699,481.5522,481.4823
"r",0.0608,481.7149,481.6541
"a",0.0732,481.9237,481.8505
"space",0.0608,482.0454,481.9846
"c",0.0787,482.2023,482.1237
"o",0.0660,482.2953,482.2293
"n",0.0654,482.5023,482.4369
"t",0.0653,482.8760,482.8107
"acute",0.0832,483.2166,483.1334
"o",0.0685,483.4821,483.4136
"space",0.0515,483.7321,483.6806
"a",0.0806,484.3253,484.2447
"l",0.0754,484.4642,484.3888
"space",0.0478,484.6763,484.6285
"a",0.0851,484.9081,484.8230
"c",0.0654,485.1408,485.0754
"e",0.0622,485.3731,485.3109
"m",0.0603,485.4887,485.4284
"i",0.0603,485.6835,485.6232
"l",0.0939,485.9116,485.8176
"e",0.0696,486.0220,485.9524
"r",0.0658,486.2341,486.1683
"o",0.0685,486.3375,486.2689
"space",0.0401,486.5271,486.4869
"l",0.0796,486.7404,486.6608
"o",0.0832,486.9385,486.8553
"space",0.0528,487.1831,487.1304
"o",0.0655,487.4258,487.3603
"c",0.0707,487.6955,487.6248
"u",0.0626,487.8496,487.7870
"r",0.0532,488.0417,487.9884
"r",0.0753,488.2436,488.1684
"i",0.0750,488.4299,488.3549
"d",0.0704,488.6776,488.6071
"o",0.0662,488.8096,488.7433
"space",0.0553,489.0159,488.9607
"y",0.0646,489.2592,489.1947
"space",0.0401,489.4759,489.4358
"e",0.0708,489.6523,489.5815
"s",0.0865,489.8622,489.7756
"t",0.0685,490.0691,490.0006
"e",0.0669,490.3281,490.2612
"space",0.0574,490.4803,490.4228
"l",0.0857,490.7354,490.6497
"e",0.0657,490.9754,490.9098
"space",0.0744,491.1783,491.1040
"mouse_left",0.0999,491.6013,491.5013
"p",0.0894,491.7078,491.6184
"r",0.0683,491.8821,491.8137
"e",0.0732,492.0913,492.0181
"g",0.0693,492.3192,492.2499
"u",0.0565,492.4327,492.3763
"n",0.0655,492.6723,492.6068
"t",0.0861,493.1620,493.0760
"acute",0.0843,493.5105,493.4262
"o",0.0734,493.9826,493.9092
"period",0.0864,494.7046,494.6182
"mouse_left",0.2726,500.7287,500.4561
"s",0.0890,501.8752,501.7861
"i",0.0711,502.0109,501.9398
"space",0.0470,502.2478,502.2008
"o",0.0874,502.8178,502.7304
"s",0.0905,503.0973,503.0068
"space",0.0576,503.2405,503.1829
"mouse_left",0.0992,503.8604,503.7612
"a",0.0836,503.8764,503.7928
"y",0.0715,504.0408,503.9693
"u",0.0730,504.2748,504.2018
"d",0.0709,504.7425,504.6715
"o",0.0709,504.8436,504.7726
"comma",0.0707,505.0938,505.0231
"space",0.0553,505.3363,505.2810
"m",0.0724,505.7956,505.7232
"e",0.0654,505.9724,505.9070
"space",0.0479,506.1161,506.0682
"d",0.0709,506.3206,506.2497
"a",0.0839,506.5474,506.4635
"r",0.0634,506.8741,506.8108
"e",0.0663,507.0981,507.0318
"i",0.0629,507.2646,507.2017
"s",0.0689,507.4494,507.3805
"space",0.0451,507.5695,507.5243
"l",0.0742,507.8000,507.7258
"a",0.0827,507.9380,507.8553
"space",0.0528,508.0470,507.9942
"m",0.0614,508.2397,508.1783
"i",0.0613,508.4265,508.3651
"t",0.0474,508.5341,508.4867
"a",0.0656,508.7259,508.6603
"d",0.0692,508.9488,508.8796
"space",0.0573,509.0788,509.0215
"d",0.0612,509.2003,509.1391
"e",0.0920,509.4259,509.3339
"space",0.0480,509.5236,509.4756
"l",0.0786,509.7464,509.6677
"a",0.0754,509.8794,509.8040
"space",0.0739,510.0216,509.9477
"p",0.0704,510.2483,510.1779
"o",0.0713,510.4717,510.4004
"s",0.0836,510.6154,510.5317
"a",0.0858,510.8441,510.7583
"d",0.0744,511.0517,510.9773
"a",0.0890,511.3195,511.2305
"question",0.0658,512.0690,512.0032
"Shift_L",0.3067,512.1087,511.8020
"space",0.0946,513.2694,513.1748
"Shift_R",0.3352,513.8667,513.5315
"s",1457347997.8855,513.8858,-1457347483.9997
"i",0.0712,514.1343,514.0631
"space",0.0411,514.3439,514.3028
"m",0.0757,514.5774,514.5017
"e",0.0808,514.8147,514.7339
"space",0.0546,514.9256,514.8710
"a",0.0835,515.1659,515.0824
"y",0.0789,515.4091,515.3302
"u",0.0714,515.6390,515.5676
"d",0.0843,515.9320,515.8477
"a",0.0861,516.2872,516.2010
"s",0.0886,516.5400,516.4514
"comma",0.0703,516.6315,516.5612
"space",0.0556,516.8552,516.7996
"c",0.0735,517.0568,516.9833
"o",0.0659,517.1607,517.0948
"n",0.0710,517.3803,517.3093
"mouse_left",0.1000,517.6214,517.5215
"t",0.0700,517.8063,517.7363
"e",0.0709,518.0158,517.9449
"s",0.1006,518.2611,518.1605
"t",0.0802,518.7986,518.7183
"acute",0.0896,519.1302,519.0406
"o",0.0726,519.4154,519.3428
"space",0.0640,519.6955,519.6315
"l",0.0884,520.3067,520.2183
"a",0.0784,520.6871,520.6088
"space",0.0710,520.8518,520.7808
"p",0.0789,521.0944,521.0156
"o",0.0749,521.3229,521.2480
"s",0.0801,521.4975,521.4174
"a",0.0833,521.7171,521.6337
"d",0.0889,521.9723,521.8833
"e",0.0735,522.1917,522.1182
"r",0.0750,522.9440,522.8689
"a",0.0846,523.7630,523.6784
"comma",0.0787,525.5662,525.4875
"space",0.0606,525.7811,525.7206
"s",0.0924,526.0230,525.9306
"e",0.0792,526.2226,526.1434
"r",0.0772,526.4212,526.3439
"e",0.0836,526.7625,526.6790
"m",0.0651,527.0020,526.9369
"o",0.0609,527.2172,527.1563
"s",0.0882,527.4062,527.3180
"space",0.0461,527.5125,527.4664
"o",0.0625,527.7819,527.7193
"BackSpace",0.0598,528.8380,528.7782
"s",0.0897,529.3615,529.2717
"o",0.0825,529.4944,529.4120
"c",0.0733,529.6510,529.5777
"i",0.0549,529.7391,529.6842
"o",0.0749,529.9891,529.9141
"s",0.0750,530.2488,530.1738
"period",0.0776,530.4362,530.3586
"space",0.0600,530.6777,530.6177
"P",0.0807,531.2026,531.1219
"Shift_L",0.2614,531.2175,530.9561
"u",0.0657,531.4228,531.3571
"e",0.0650,531.5784,531.5134
"s",0.0748,531.8485,531.7737
"space",0.0751,532.0104,531.9353
"b",0.0737,532.2252,532.1515
"i",0.0705,532.3182,532.2477
"e",0.0757,532.5102,532.4346
"n",0.0604,532.6496,532.5891
"period",0.0445,533.1013,533.0567
"BackSpace",0.1084,534.0151,533.9066
"comma",0.0609,534.9392,534.8783
"space",0.0471,535.1723,535.1252
"v",0.0674,535.9101,535.8426
"o",0.0613,536.0565,535.9952
"l",0.0730,536.2831,536.2101
"v",0.1086,536.5746,536.4660
"e",0.0740,537.0919,537.0179
"mouse_left",0.1008,538.7907,538.6899
"d",0.0672,538.8818,538.8146
"space",0.0525,539.0516,538.9991
"j",0.0493,539.2655,539.2163
"u",0.0592,539.4617,539.4025
"mouse_left",0.1010,539.6305,539.5295
"n",0.0701,539.6715,539.6014
"t",0.0601,539.8272,539.7671
"o",0.0719,539.9381,539.8662
"a",0.0820,540.3347,540.2527
"mouse_left",0.1005,540.3354,540.2349
"Num_Lock",0.0531,541.4384,541.3853
"BackSpace",0.0927,541.4631,541.3705
"space",0.0780,542.0119,541.9338
"a",0.0929,542.6709,542.5780
"l",0.0703,542.8805,542.8102
"space",0.0333,543.0722,543.0389
"j",0.0775,543.3626,543.2851
"u",0.0697,543.6556,543.5859
"e",0.0605,544.3195,544.2591
"z",0.0705,544.5668,544.4964
"space",0.0400,544.6677,544.6277
"y",0.0725,544.9479,544.8753
"space",0.0479,545.2134,545.1654
"d",0.0753,547.7736,547.6983
"e",0.0799,547.9933,547.9133
"c",0.0743,548.3312,548.2569
"i",0.0647,548.4528,548.3882
"d",0.0778,548.6475,548.5696
"l",0.0780,549.1576,549.0797
"e",0.0705,549.3460,549.2755
"colon",0.0616,551.2541,551.1925
"Shift_L",0.4765,551.2749,550.7984
"space",0.0606,551.5122,551.4516
"Shift_R",0.1513,552.0756,551.9243
"c",1457348036.0870,552.0873,-1457347483.9997
"o",0.0530,552.2876,552.2346
"m",0.0683,552.4889,552.4207
"o",0.0751,552.6861,552.6110
"space",0.0496,552.8525,552.8029
"y",0.0703,553.0805,553.0103
"a",0.0782,553.2925,553.2142
"space",0.0608,553.4596,553.3988
"s",0.0856,554.0046,553.9190
"mouse_left",0.1053,554.0337,553.9284
"a",0.0950,554.2134,554.1184
"b",0.0701,554.4098,554.3397
"e",0.0721,554.6380,554.5659
"mouse_left",0.1025,554.6532,554.5508
"i",0.0701,554.7686,554.6985
"s",0.0703,554.9352,554.8648
"space",0.0460,555.0598,555.0138
"BackSpace",0.0788,557.4073,557.3285
"BackSpace",0.0861,557.6114,557.5252
"BackSpace",0.0699,557.8004,557.7306
"a",0.0912,559.2027,559.1115
"b",0.0651,559.4601,559.3950
"e",0.0753,559.7152,559.6399
"i",0.0609,559.9447,559.8838
"s",0.0800,560.1112,560.0313
"space",0.0522,560.2578,560.2056
"s",0.0750,560.4827,560.4078
"e",0.0705,560.6948,560.6243
"ntilde",0.0876,561.5332,561.4456
"o",0.0651,561.8030,561.7379
"mouse_left",0.1079,564.4292,564.3212
"space",0.0678,564.6549,564.5871
"r",0.0756,572.7576,572.6820
"i",0.0651,573.0344,572.9694
"a",0.0832,573.4034,573.3201
"period",0.0885,573.6181,573.5296
"space",0.0485,573.8531,573.8046
"ccedilla",0.0576,575.7158,575.6582
"Return",0.0593,575.7195,575.6602
"mouse_left",0.2511,577.9193,577.6682
"r",0.0752,579.3175,579.2423
"i",0.0736,579.4842,579.4106
"a",0.0827,579.8496,579.7669
"period",0.0830,580.1659,580.0829
"space",0.0650,580.6279,580.5629
"Shift_R",0.2224,581.7182,581.4958
"c",1457348065.7784,581.7787,-1457347483.9997
"u",0.0759,581.9458,581.8698
"e",0.0742,582.1184,582.0442
"n",0.0635,582.2138,582.1503
"t",0.0738,582.4887,582.4150
"o",0.0735,582.6022,582.5287
"space",0.0532,582.7967,582.7435
"p",0.0743,583.1179,583.0436
"o",0.0608,583.3318,583.2710
"p",0.0930,583.7628,583.6698
"u",0.0537,583.9629,583.9092
"l",0.0707,584.2009,584.1301
"a",0.0750,584.3381,584.2631
"r",0.0524,584.5185,584.4662
"space",0.0571,584.6115,584.5544
"r",0.0860,585.0057,584.9197
"e",0.0741,585.2072,585.1332
"c",0.0826,585.6952,585.6127
"o",0.0563,585.8231,585.7668
"g",0.0652,586.0336,585.9684
"i",0.0607,586.1468,586.0861
"d",0.0647,586.3328,586.2681
"o",0.0689,586.4522,586.3834
"space",0.0653,586.6613,586.5960
"p",0.0745,587.0456,586.9710
"o",0.0784,587.2783,587.2000
"r",0.0628,587.4497,587.3868
"space",0.0592,587.5860,587.5267
"J",0.0592,588.1301,588.0710
"Shift_L",0.2001,588.1528,587.9527
"u",0.0676,588.3561,588.2886
"a",0.0777,588.5648,588.4871
"n",0.0627,588.7141,588.6514
"space",0.0672,589.0879,589.0207
"mouse_left",0.1073,589.8077,589.7004
"period",0.0926,590.2625,590.1699
"space",0.0612,590.4708,590.4096
"mouse_left",0.2535,593.4367,593.1832
"BackSpace",0.0524,596.4245,596.3721
"period",0.0651,597.1273,597.0621
"space",0.0797,597.8440,597.7643
"Shift_R",0.6061,600.0794,599.4733
"t",1457348084.1048,600.1051,-1457347483.9997
"e",0.0779,600.3600,600.2821
"n",0.0715,600.5178,600.4463
"mouse_left",0.1193,600.7206,600.6012
"mouse_left",0.0012,600.9015,600.9003
"acute",0.0773,600.9689,600.8916
"i",0.0651,601.2059,601.1408
"a",0.0732,601.3825,601.3094
"space",0.0627,601.4883,601.4256
"u",0.0550,601.6662,601.6112
"n",0.0748,601.8831,601.8082
"space",0.0338,602.0415,602.0077
"c",0.0680,602.1775,602.1095
"a",0.0772,602.3690,602.2919
"b",0.0866,602.5599,602.4733
"a",0.0711,602.7424,602.6713
"l",0.0581,602.8313,602.7732
"l",0.0835,602.9988,602.9152
"e",0.0599,603.0761,603.0162
"r",0.0525,603.2686,603.2161
"o",0.0604,603.3692,603.3088
"space",0.0611,603.5764,603.5153
"u",0.0538,603.7660,603.7121
"n",0.0691,603.9796,603.9105
"space",0.0458,604.1522,604.1064
"c",0.0796,604.3128,604.2332
"r",0.0617,604.5351,604.4733
"i",0.0655,604.6622,604.5967
"a",0.0733,604.7836,604.7104
"d",0.0836,605.0189,604.9353
"o",0.0927,605.1595,605.0669
"space",0.0622,605.3337,605.2715
"n",0.0652,605.5357,605.4705
"u",0.0609,605.7406,605.6797
"e",0.0650,605.8865,605.8215
"v",0.0744,606.1764,606.1020
"o",0.0569,606.2798,606.2229
"comma",0.0675,606.5280,606.4606
"space",0.0606,606.7402,606.6796
"u",0.0565,606.9764,606.9199
"n",0.0774,607.2119,607.1345
"space",0.0613,607.4290,607.3677
"m",0.0603,607.6437,607.5834
"o",0.0674,607.8382,607.7708
"z",0.0773,608.0201,607.9429
"o",0.0522,608.1210,608.0687
"space",0.0394,608.2874,608.2480
"l",0.0609,608.5098,608.4489
"l",0.0831,608.7041,608.6211
"a",0.0695,608.9232,608.8536
"m",0.0603,609.0432,608.9829
"a",0.0698,609.1909,609.1211
"d",0.0746,609.4311,609.3565
"o",0.0608,609.5299,609.4690
"space",0.0673,609.7321,609.6647
"p",0.0745,609.9966,609.9220
"e",0.0506,610.1559,610.1053
"d",0.0751,610.3752,610.3002
"r",0.0585,610.6100,610.5515
"o",0.0623,610.7607,610.6984
"space",0.0595,610.9768,610.9173
"q",0.0723,611.0951,611.0228
"u",0.0602,611.2496,611.1894
"e",0.0695,611.3977,611.3282
"space",0.0576,611.5373,611.4796
"p",0.0824,611.7820,611.6996
"a",0.0787,611.8783,611.7996
"r",0.0634,612.1188,612.0555
"e",0.0549,612.3323,612.2774
"c",0.0690,612.6278,612.5588
"acute",0.0665,612.8780,612.8114
"i",0.0667,613.1610,613.0943
"a",0.0794,613.4105,613.3312
"space",0.0592,613.5554,613.4962
"u",0.0599,613.7999,613.7400
"n",0.0653,614.0218,613.9565
"space",0.0551,614.2213,614.1661
"p",0.0783,614.4515,614.3732
"o",0.0688,614.6929,614.6241
"c",0.0656,615.2183,615.1527
"o",0.0516,615.3755,615.3240
"space",0.0614,615.7122,615.6508
"t",0.0653,615.9755,615.9102
"o",0.0601,616.0943,616.0342
"n",0.0698,616.3015,616.2317
"t",0.0957,616.5394,616.4437
"o",0.0552,616.6376,616.5823
"period",0.0746,616.8818,616.8073
"space",0.0706,617.0973,617.0267
"P",0.0747,617.4398,617.3651
"Shift_L",0.2209,617.4466,617.2257
"a",0.0771,617.6858,617.6087
"r",0.0592,617.8721,617.8129
"a",0.0830,618.0817,617.9987
"space",0.0547,618.2183,618.1636
"b",0.0694,618.3817,618.3123
"u",0.0658,618.4525,618.3867
"r",0.0767,618.6546,618.5779
"l",0.0690,619.2416,619.1726
"a",0.0643,619.4005,619.3362
"r",0.0501,619.5874,619.5374
"s",0.0698,619.8041,619.7343
"e",0.0690,620.0233,619.9543
"space",0.0620,620.1727,620.1107
"d",0.0689,620.2984,620.2295
"e",0.0701,620.4849,620.4148
"space",0.0655,620.6421,620.5766
"e",0.0707,620.7958,620.7251
"l",0.0733,620.9672,620.8939
"comma",0.0581,621.2122,621.1541
"space",0.0699,621.4471,621.3772
"l",0.0779,621.8710,621.7931
"e",0.0660,622.0475,621.9815
"space",0.0659,622.1824,622.1165
"d",0.0782,622.4119,622.3337
"i",0.0604,622.5155,622.4551
"o",0.0701,622.7800,622.7098
"space",0.0564,622.9681,622.9117
"d",0.0955,623.2523,623.1568
"o",0.0732,623.3634,623.2902
"s",0.0934,623.5606,623.4672
"space",0.0661,623.7016,623.6355
"y",0.0355,623.9736,623.9381
"mouse_left",0.1000,624.1175,624.0175
"BackSpace",0.0690,625.0352,624.9662
"m",0.0792,625.5659,625.4867
"o",0.0773,625.8801,625.8027
"n",0.0683,626.1999,626.1316
"e",0.0567,626.4375,626.3808
"mouse_left",0.0997,626.4390,626.3393
"d",0.0797,626.6849,626.6052
"a",0.0613,626.8819,626.8206
"s",0.1009,627.1453,627.0444
"space",0.0596,627.2584,627.1988
"y",0.0771,627.5384,627.4613
"space",0.0614,627.7959,627.7345
"l",0.1043,628.1265,628.0222
"e",0.0613,628.3581,628.2967
"space",0.0622,628.4908,628.4287
"d",0.0707,628.7439,628.6732
"i",0.0658,628.8603,628.7944
"j",0.0701,629.0914,629.0213
"o",0.0775,629.3704,629.2929
"colon",0.0731,631.5396,631.4664
"Shift_L",0.6481,631.5825,630.9343
"space",0.0551,631.8456,631.7905
"P",0.0789,632.6701,632.5912
"Shift_L",0.2890,632.6722,632.3832
"e",0.0756,632.9379,632.8624
"d",0.0829,633.1619,633.0790
"r",0.0623,633.4293,633.3670
"o",0.0703,633.5940,633.5237
"space",0.0557,633.8239,633.7682
"v",0.1092,634.2208,634.1116
"e",0.0837,634.4705,634.3869
"t",0.0777,634.7378,634.6601
"e",0.0706,635.0791,635.0085
"space",0.0753,635.3388,635.2635
"a",0.0926,636.1010,636.0084
"l",0.0700,636.3367,636.2666
"space",0.0547,636.5618,636.5070
"mouse_left",0.5760,641.0867,640.5108
"mouse_left",0.2163,642.9430,642.7266
"space",0.0850,644.0810,643.9960
"m",0.0760,645.0153,644.9393
"e",0.0737,645.2560,645.1823
"r",0.0715,645.4956,645.4241
"c",0.0790,645.8770,645.7979
"a",0.0842,646.1671,646.0829
"d",0.0871,648.4304,648.3433
"o",0.0714,648.9628,648.8915
"space",0.0784,649.3433,649.2649
"y",0.0783,649.6359,649.5576
"space",0.0650,649.8671,649.8021
"c",0.0742,650.1185,650.0444
"o",0.0665,650.2294,650.1629
"m",0.0701,650.4708,650.4007
"p",0.0913,650.7850,650.6937
"r",0.0606,651.1629,651.1024
"a",0.0890,651.4103,651.3214
"m",0.0748,653.6223,653.5476
"e",0.0830,655.2721,655.1891
"space",0.0981,661.9308,661.8327
"u",0.0611,662.7366,662.6755
"n",0.0845,662.9897,662.9052
"a",0.0788,663.2402,663.1614
"m",0.0660,663.6147,663.5487
"BackSpace",0.1548,665.6837,665.5290
"space",0.0932,666.1464,666.0532
"m",0.0684,666.6674,666.5990
"o",0.0728,667.0075,666.9347
"n",0.0803,667.2667,667.1863
"mouse_left",0.0999,667.5158,667.4158
"e",0.0765,667.5332,667.4568
"d",0.0917,668.1496,668.0578
"a",0.0732,669.0552,668.9820
"space",0.0867,670.0632,669.9765
"d",0.0696,670.4679,670.3984
"e",0.0756,670.7011,670.6255
"space",0.0719,670.8123,670.7404
"u",0.0709,671.0700,670.9991
"v",0.0787,671.2112,671.1325
"a",0.0782,671.3999,671.3217
"s",0.0969,671.6683,671.5714
"space",0.0650,671.7807,671.7157
"y",0.0661,672.0492,671.9831
"space",0.0733,672.2863,672.2129
"o",0.0782,672.7299,672.6517
"t",0.0734,672.9249,672.8515
"r",0.0839,673.1602,673.0764
"a",0.0792,673.4756,673.3964
"space",0.0706,673.6519,673.5813
"d",0.0672,673.7771,673.7099
"e",0.0864,674.0013,673.9149
"space",0.0793,674.1607,674.0814
"a",0.0879,674.5832,674.4953
"y",0.0794,674.7791,674.6996
"period",0.0804,675.5608,675.4804
"space",0.0658,675.8514,675.7856
"Left",0.2393,676.4161,676.1769
"Shift_R",0.2505,676.4370,676.1865
"e",1457348160.4765,676.4768,-1457347483.9997
"l",0.0779,676.7549,676.6770
"space",0.0712,676.9817,676.9106
"p",0.0788,677.2279,677.1491
"o",0.0763,677.4625,677.3862
"b",0.0876,677.7551,677.6675
"r",0.0808,678.0358,677.9550
"e",0.0892,678.4242,678.3350
"space",0.0783,678.6587,678.5803
"m",0.0691,678.9570,678.8879
"o",0.0793,679.2396,679.1603
"mouse_left",0.0999,679.7239,679.6240
"z",0.0911,679.8595,679.7684
"o",0.0786,680.4580,680.3793
"space",0.0761,682.5812,682.5050
"c",0.0803,682.8982,682.8179
"o",0.0653,683.0027,682.9373
"m",0.0761,683.2201,683.1440
"p",0.0781,683.6159,683.5378
"r",0.0661,684.3812,684.3152
"acute",0.0832,684.7349,684.6517
"o",0.0776,685.1060,685.0284
"space",0.0736,685.5577,685.4841
"l",0.0704,692.2783,692.2079
"a",0.0734,692.9242,692.8508
"s",0.0836,693.2068,693.1232
"space",0.0652,693.3833,693.3182
"u",0.0651,693.6437,693.5786
"v",0.0688,693.7725,693.7038
"a",0.0754,693.9563,693.8809
"s",0.0873,694.2079,694.1205
"comma",0.0722,694.4958,694.4236
"space",0.0702,694.7063,694.6361
"p",0.0834,694.9586,694.8752
"e",0.0735,695.0546,694.9811
"r",0.0833,695.4136,695.3302
"o",0.0659,695.7615,695.6956
"space",0.0604,696.0112,695.9508
"c",0.0701,696.2524,696.1824
"a",0.0704,696.4421,696.3716
"d",0.0784,696.6475,696.5691
"a",0.0784,696.8665,696.7881
"space",0.0607,697.0336,696.9729
"v",0.0703,697.2735,697.2031
"e",0.0655,697.4802,697.4147
"z",0.0857,697.7699,697.6842
"space",0.0756,697.9012,697.8256
"q",0.0852,698.0473,697.9622
"u",0.0751,698.1964,698.1212
"e",0.0802,698.3607,698.2804
"space",0.0659,698.5280,698.4621
"p",0.0931,699.0880,698.9949
"o",0.0778,699.4135,699.3357
"d",0.1140,699.9009,699.7870
"acute",0.0745,700.2654,700.1909
"i",0.0611,700.5117,700.4506
"a",0.0938,700.7087,700.6149
"space",0.0487,700.8096,700.7609
"u",0.0557,701.0019,700.9462
"n",0.0781,701.2286,701.1504
"a",0.0786,701.4128,701.3342
"space",0.0616,701.4783,701.4166
"m",0.0707,701.8704,701.7996
"o",0.0575,702.0966,702.0391
"n",0.0657,702.3876,702.3219
"mouse_left",0.1004,702.6268,702.5264
"e",0.0669,702.8606,702.7937
"d",0.0653,703.0733,703.0080
"a",0.0787,703.3137,703.2350
"space",0.0565,703.4358,703.3792
"d",0.0707,703.5811,703.5104
"e",0.0802,703.7804,703.7003
"space",0.0801,703.9063,703.8262
"a",0.0882,704.4115,704.3233
"y",0.0756,704.6064,704.5307
"comma",0.0797,705.5877,705.5080
"space",0.0682,705.8458,705.7776
"t",0.0692,706.1264,706.0572
"o",0.0787,706.2665,706.1878
"d",0.0910,706.4965,706.4055
"o",0.0753,706.6131,706.5378
"s",0.0837,706.8225,706.7388
"space",0.0752,706.9943,706.9191
"s",0.0888,707.5451,707.4564
"e",0.0758,707.7944,707.7185
"space",0.0779,707.9508,707.8728
"r",0.0686,708.3303,708.2617
"e",0.0707,708.5950,708.5242
"acute",0.0873,708.9765,708.8891
"i",0.0654,709.2537,709.1883
"a",0.0783,709.9026,709.8243
"n",0.0765,710.2642,710.1877
"space",0.0747,711.0761,711.0014
"d",0.0758,711.5033,711.4275
"e",0.0720,711.7523,711.6803
"space",0.0639,711.9982,711.9343
"e",0.0729,714.1813,714.1084
"l",0.0759,714.4792,714.4033
"period",0.0733,714.7318,714.6585
"space",0.0705,714.9669,714.8964
"Shift_R",0.2036,715.3042,715.1006
"a",1457348199.3642,715.3645,-1457347483.9997
"l",0.0666,715.5835,715.5169
"space",0.0531,715.7800,715.7268
"d",0.0793,715.9606,715.8813
"a",0.0831,716.1409,716.0578
"r",0.0712,716.3320,716.2608
"s",0.0870,716.5498,716.4628
"e",0.0693,716.7564,716.6871
"space",0.0790,716.9169,716.8380
"c",0.0906,717.0798,716.9891
"u",0.0684,717.2170,717.1486
"e",0.0700,717.3499,717.2799
"n",0.0705,717.4717,717.4012
"t",0.0644,717.5945,717.5301
"a",0.0621,717.7915,717.7294
"space",0.0645,717.9506,717.8862
"d",0.0653,718.0467,717.9814
"e",0.0783,718.2485,718.1702
"space",0.0551,718.3599,718.3048
"l",0.0805,718.5940,718.5135
"a",0.0819,718.7148,718.6329
"space",0.0676,718.8470,718.7794
"b",0.0696,719.0023,718.9327
"u",0.0607,719.1269,719.0662
"mouse_left",0.1058,719.2522,719.1464
"r",0.0713,719.2853,719.2140
"l",0.0736,719.4678,719.3942
"a",0.0814,719.6345,719.5530
"space",0.0523,719.7491,719.6967
"d",0.0703,719.9041,719.8338
"e",0.0832,720.1140,720.0307
"space",0.0703,720.2863,720.2160
"mouse_left",0.1993,724.9734,724.7740
"l",0.0928,725.9195,725.8267
"a",0.0819,726.1453,726.0634
"space",0.0585,726.2729,726.2144
"d",0.0805,726.4585,726.3781
"w",0.0394,726.7007,726.6612
"e",0.0732,726.7214,726.6482
"space",0.0757,726.9641,726.8883
"mouse_left",0.1006,727.3035,727.2029
"s",0.0923,727.4925,727.4002
"u",0.0738,727.6812,727.6074
"space",0.0603,728.0014,727.9411
"a",0.0914,728.7997,728.7084
"m",0.0708,729.2080,729.1372
"o",0.0917,729.6022,729.5105
"comma",0.0734,730.7148,730.6415
"space",0.0631,730.9393,730.8762
"s",0.0944,731.1017,731.0073
"e",0.0735,731.3209,731.2474
"space",0.0759,731.5078,731.4319
"e",0.0756,731.9744,731.8988
"n",0.0666,732.0881,732.0216
"f",0.0839,733.2998,733.2160
"a",0.0789,733.5494,733.4704
"d",0.0853,733.9122,733.8270
"acute",0.0889,734.1551,734.0662
"o",0.0700,734.4238,734.3537
"period",0.0937,734.9982,734.9045
"space",0.0531,735.2533,735.2002
"U",0.0683,735.8328,735.7645
"Shift_L",0.5892,736.1294,735.5402
"n",0.0409,736.4339,736.3930
"o",0.0748,736.6854,736.6106
"mouse_left",0.1000,736.7405,736.6406
"space",0.0444,736.8876,736.8431
"d",0.0720,737.0029,736.9310
"e",0.0757,737.2075,737.1318
"space",0.0600,737.3419,737.2818
"l",0.0711,737.5556,737.4845
"o",0.0771,737.7681,737.6910
"s",0.0852,738.0079,737.9227
"space",0.0563,738.1857,738.1294
"h",0.0355,738.4607,738.4252
"a",0.0915,738.6951,738.6036
"b",0.0765,739.2356,739.1591
"i",0.0670,739.3958,739.3288
"BackSpace",0.1140,740.2143,740.1003
"i",0.0665,741.4497,741.3832
"t",0.0627,741.6960,741.6332
"a",0.0793,741.9139,741.8345
"n",0.0711,742.0192,741.9481
"t",0.0576,742.1678,742.1102
"e",0.0710,742.3727,742.3017
"s",0.0843,742.6320,742.5477
"space",0.0641,742.8073,742.7432
"d",0.0657,742.9145,742.8488
"e",0.0842,743.1404,743.0562
"space",0.0751,743.4096,743.3346
"u",0.0650,743.9279,743.8629
"n",0.0652,744.1769,744.1116
"space",0.0654,744.3923,744.3270
"p",0.0798,744.6615,744.5817
"e",0.0838,744.8492,744.7655
"q",0.0830,745.2322,745.1493
"u",0.0706,745.3818,745.3112
"e",0.0700,745.6231,745.5530
"ntilde",0.0891,745.8115,745.7224
"o",0.0666,746.0540,745.9874
"space",0.0745,746.2810,746.2066
"p",0.0738,746.5356,746.4619
"u",0.0629,746.7802,746.7172
"e",0.0639,747.0476,746.9837
"b",0.0758,747.3962,747.3203
"l",0.0710,747.4996,747.4286
"o",0.0561,747.7246,747.6686
"space",0.0603,747.9567,747.8964
"d",0.0706,748.0949,748.0243
"e",0.0761,748.3230,748.2469
"space",0.0657,748.4867,748.4210
"c",0.0803,748.7234,748.6431
"a",0.0755,748.9174,748.8419
"s",0.0811,749.1148,749.0337
"t",0.0653,749.3467,749.2814
"i",0.0657,749.5894,749.5237
"l",0.0606,749.8167,749.7561
"l",0.0794,750.0065,749.9271
"a",0.0758,750.2403,750.1645
"space",0.0595,750.3661,750.3065
"d",0.0701,750.5226,750.4525
"e",0.0688,750.7154,750.6466
"b",0.0826,751.0423,750.9597
"acute",0.0781,751.3410,751.2629
"i",0.0610,751.6184,751.5574
"a",0.0785,751.8106,751.7321
"space",0.0614,751.9423,751.8810
"d",0.0932,752.2042,752.1110
"i",0.0659,752.3636,752.2977
"n",0.0685,752.5782,752.5097
"e",0.0691,752.7151,752.6460
"mouse_left",0.1002,752.8190,752.7188
"r",0.0631,752.9343,752.8712
"o",0.0735,753.0299,752.9564
"space",0.0486,753.2299,753.1813
"a",0.0956,753.4156,753.3199
"space",0.0630,753.6130,753.5500
"mouse_left",1.0157,758.2051,757.1895
"mouse_left",1.1520,761.1730,760.0211
"mouse_left",0.2079,762.1649,761.9570
"mouse_left",1.8249,765.4136,763.5888
"BackSpace",0.0930,766.3841,766.2911
"space",0.0731,767.2908,767.2178
"c",0.0842,767.7169,767.6328
"a",0.0790,767.9464,767.8675
"s",0.0843,768.2603,768.1761
"i",0.0696,768.4179,768.3483
"space",0.0692,768.6022,768.5331
"t",0.0662,768.8099,768.7437
"o",0.0811,768.9205,768.8393
"d",0.0696,769.0924,769.0228
"o",0.0847,769.2543,769.1697
"space",0.0606,769.4455,769.3849
"e",0.0833,769.6928,769.6095
"l",0.0795,769.8296,769.7501
"space",0.0627,770.0452,769.9825
"m",0.0735,770.3549,770.2814
"u",0.0551,770.5695,770.5144
"n",0.0704,770.8244,770.7540
"d",0.0737,771.5940,771.5204
"o",0.0983,772.0256,771.9273
"period",0.1049,772.9649,772.8600
"space",0.0607,773.1732,773.1126
"Shift_R",0.1623,773.4679,773.3056
"t",1457348257.4699,773.4702,-1457347483.9997
"a",0.0660,773.6836,773.6176
"n",0.0561,773.7892,773.7331
"t",0.0683,774.0163,773.9481
"a",0.0654,774.2119,774.1465
"s",0.0838,774.4432,774.3594
"space",0.0656,774.5841,774.5184
"d",0.0629,774.6845,774.6216
"e",0.0659,774.8590,774.7930
"u",0.0627,775.3260,775.2633
"d",0.0654,775.7300,775.6647
"a",0.0705,775.9285,775.8580
"s",0.0706,776.1563,776.0856
"space",0.0716,776.2680,776.1964
"a",0.0707,776.4524,776.3817
"c",0.0658,776.6640,776.5982
"u",0.0586,776.7542,776.6956
"m",0.0622,776.9581,776.8959
"u",0.0555,777.1636,777.1081
"l",0.0780,777.9735,777.8955
"acute",0.0750,778.4046,778.3296
"o",0.0574,778.6673,778.6099
"space",0.0604,778.9067,778.8462
"q",0.0772,779.0305,778.9533
"u",0.0627,779.1867,779.1240
"e",0.0523,779.3204,779.2680
"space",0.0494,779.4336,779.3842
"l",0.0608,779.6436,779.5828
"l",0.0825,779.8142,779.7317
"e",0.0709,779.9108,779.8399
"g",0.0653,780.1912,780.1259
"acute",0.0829,780.8304,780.7475
"o",0.0519,781.0769,781.0250
"space",0.0521,781.2992,781.2471
"u",0.0554,781.5139,781.4586
"n",0.0706,781.7434,781.6728
"space",0.0515,781.9382,781.8867
"m",0.0608,782.1551,782.0943
"o",0.0630,782.3567,782.2937
"m",0.0671,782.6461,782.5791
"mouse_middle",0.1000,782.9036,782.8036
"e",0.0552,783.5411,783.4858
"n",0.0604,783.6746,783.6142
"t",0.0650,784.1380,784.0730
"o",0.0608,784.3433,784.2826
"space",0.0650,784.7647,784.6998
"q",0.0839,785.1542,785.0703
"BackSpace",0.0571,786.0122,785.9551
"e",0.0684,786.5097,786.4413
"n",0.0607,786.6331,786.5725
"space",0.0589,786.8228,786.7639
"q",0.0813,786.9991,786.9178
"u",0.0649,787.1029,787.0380
"e",0.0729,787.2722,787.1993
"space",0.0565,787.3896,787.3332
"l",0.0694,787.6189,787.5495
"e",0.0603,787.7734,787.7131
"space",0.0567,787.9173,787.8606
"r",0.0660,788.2205,788.1544
"e",0.0662,788.4349,788.3687
"s",0.0907,788.7227,788.6320
"u",0.0511,788.8289,788.7778
"l",0.0532,789.0657,789.0124
"t",0.0669,789.4458,789.3789
"acute",0.0781,789.8053,789.7272
"o",0.0563,790.0779,790.0216
"space",0.0560,790.2870,790.2311
"i",0.0604,790.4885,790.4281
"m",0.0659,790.6854,790.6195
"p",0.0632,790.9049,790.8417
"o",0.0640,791.1755,791.1115
"s",0.0789,791.8096,791.7307
"i",0.0643,791.9477,791.8834
"b",0.0817,792.7589,792.6772
"l",0.0591,792.9902,792.9311
"e",0.0641,793.5243,793.4602
"space",0.0596,793.7402,793.6805
"p",0.0742,794.1161,794.0418
"a",0.0646,794.2441,794.1795
"s",0.0645,794.4312,794.3667
"e",0.0557,794.6031,794.5474
"a",0.0799,794.8248,794.7449
"r",0.0687,795.0935,795.0249
"space",0.0767,795.3048,795.2281
"t",0.0542,795.5767,795.5225
"r",0.0690,795.7651,795.6961
"a",0.0605,795.9392,795.8787
"n",0.0653,796.0806,796.0153
"q",0.0656,796.1998,796.1342
"u",0.0617,796.3547,796.2930
"i",0.0544,796.5862,796.5319
"l",0.0650,796.8190,796.7540
"o",0.0650,797.0227,796.9578
"space",0.0668,797.2353,797.1685
"p",0.0764,797.4601,797.3838
"o",0.0651,797.6863,797.6212
"r",0.0602,797.8506,797.7903
"space",0.0633,797.9947,797.9313
"l",0.0753,798.2203,798.1450
"a",0.0821,798.3788,798.2967
"space",0.0578,798.5004,798.4427
"c",0.0819,798.6580,798.5761
"a",0.0795,798.9232,798.8437
"l",0.0609,799.0466,798.9857
"l",0.0834,799.2440,799.1606
"e",0.0709,799.4054,799.3344
"comma",0.0577,799.5112,799.4535
"space",0.0733,799.7414,799.6682
"p",0.0736,799.9784,799.9048
"o",0.0710,800.1929,800.1219
"r",0.0657,800.3290,800.2633
"q",0.0737,800.5792,800.5055
"u",0.0582,800.6950,800.6368
"e",0.0719,800.8648,800.7929
"space",0.0607,801.0140,800.9533
"t",0.0660,801.2122,801.1462
"o",0.0748,801.3302,801.2555
"d",0.0742,801.4976,801.4234
"o",0.0657,801.6234,801.5578
"s",0.0703,801.8156,801.7453
"space",0.0563,801.9799,801.9235
"l",0.0682,802.2582,802.1900
"o",0.0834,802.4929,802.4095
"s",0.0849,802.7192,802.6343
"space",0.0531,802.8605,802.8074
"v",0.0740,803.1133,803.0393
"e",0.0636,803.3045,803.2409
"mouse_left",0.1007,803.3630,803.2623
"c",0.0709,803.5472,803.4763
"i",0.0623,803.6571,803.5947
"n",0.0741,803.8645,803.7904
"mouse_left",0.1000,804.0910,803.9910
"mouse_left",0.7303,806.8226,806.0923
"mouse_left",1.0556,809.3803,808.3247
"o",0.0565,810.8023,810.7459
"s",0.0737,812.7982,812.7245
"space",0.1142,819.2850,819.1708
"q",0.0839,823.0427,822.9588
"u",0.0663,823.1509,823.0846
"e",0.0693,823.3196,823.2503
"space",0.0472,823.4340,823.3868
"l",0.0743,823.6726,823.5983
"e",0.0701,823.8907,823.8205
"space",0.0688,824.1424,824.0735
"r",0.0751,827.7367,827.6616
"e",0.0592,827.9207,827.8615
"s",0.0818,828.1550,828.0732
"u",0.0486,828.2398,828.1912
"l",0.0661,828.4758,828.4097
"t",0.0769,829.1210,829.0441
"acute",0.0835,829.7464,829.6628
"o",0.0604,830.0191,829.9587
"space",0.0608,830.2541,830.1933
"i",0.0668,830.4565,830.3897
"m",0.0694,830.6684,830.5990
"p",0.0643,830.8838,830.8195
"o",0.0771,831.1332,831.0560
"s",0.0765,831.3799,831.3034
"i",0.0651,831.4915,831.4264
"b",0.0693,831.6949,831.6257
"l",0.0700,831.8698,831.7999
"e",0.0611,832.1436,832.0825
"space",0.0653,832.3006,832.2353
"p",0.0803,832.5663,832.4860
"a",0.0744,832.7100,832.6356
"s",0.0780,833.0276,832.9496
"e",0.0659,833.2924,833.2265
"a",0.0971,833.6088,833.5117
"r",0.0744,834.1209,834.0466
"space",0.0810,834.7140,834.6331
"p",0.0665,835.9524,835.8858
"o",0.0703,836.1798,836.1095
"r",0.0606,836.3363,836.2758
"space",0.0605,836.4701,836.4095
"l",0.0779,836.7121,836.6341
"mouse_left",0.1006,836.8478,836.7472
"a",0.0752,836.8792,836.8040
"space",0.0567,837.0047,836.9480
"c",0.0739,837.1634,837.0894
"mouse_left",0.6080,839.6684,839.0604
"mouse_left",0.8795,841.0759,840.1964
"mouse_left",0.1003,842.7677,842.6674
"a",0.0809,842.9396,842.8588
"mouse_left",0.4161,845.1879,844.7718
"l",0.0694,846.4077,846.3383
"l",0.0885,846.5966,846.5082
"e",0.0695,847.5581,847.4887
"space",0.0873,848.8836,848.7963
"p",0.0784,849.9623,849.8839
"a",0.0711,850.1592,850.0881
"s",0.0784,850.3861,850.3077
"e",0.0658,850.6080,850.5422
"a",0.0705,850.8594,850.7889
"r",0.0709,851.2089,851.1380
"space",0.0708,851.3932,851.3224
"t",0.0482,851.6303,851.5821
"r",0.0675,851.8166,851.7490
"a",0.0710,851.9933,851.9222
"n",0.0655,852.1219,852.0564
"q",0.0590,852.2315,852.1725
"u",0.0612,852.3774,852.3162
"i",0.0630,852.6088,852.5459
"l",0.0707,852.8514,852.7807
"o",0.0656,853.0534,852.9878
"comma",0.0691,853.4369,853.3678
"space",0.0705,853.6514,853.5809
"p",0.0705,853.8878,853.8173
"o",0.0609,854.0930,854.0321
"r",0.0608,854.2367,854.1759
"space",0.0662,854.3910,854.3248
"BackSpace",0.0722,855.8671,855.7948
"q",0.0761,856.5083,856.4322
"u",0.0660,856.6993,856.6333
"w",0.0417,856.8553,856.8136
"e",0.0390,856.8574,856.8184
"space",0.0686,857.1088,857.0402
"t",0.0569,857.7077,857.6508
"o",0.0653,857.8179,857.7526
"d",0.0758,857.9615,857.8857
"o",0.0616,858.0576,857.9960
"s",0.0772,858.2442,858.1670
"space",0.0575,858.3625,858.3050
"l",0.0649,858.6154,858.5504
"o",0.0745,858.8120,858.7375
"s",0.0791,858.9857,858.9066
"space",0.0580,859.0915,859.0336
"v",0.0727,859.2729,859.2002
"e",0.0570,859.4451,859.3881
"mouse_left",0.1004,859.5246,859.4242
"c",0.0690,859.6671,859.5982
"i",0.0530,859.7472,859.6942
"n",0.0657,859.9393,859.8736
"o",0.0624,860.1275,860.0650
"s",0.0717,860.2608,860.1891
"space",0.0630,860.3859,860.3229
"e",0.0726,860.7412,860.6686
"space",0.0717,860.8789,860.8072
"l",0.0734,861.3395,861.2660
"BackSpace",0.0872,862.0640,861.9768
"BackSpace",0.0823,862.2458,862.1635
"BackSpace",0.0834,862.4127,862.3293
"BackSpace",0.0436,862.5521,862.5085
"space",0.0634,863.2542,863.1908
"s",0.0930,863.6399,863.5469
"e",0.0719,863.9086,863.8367
"space",0.0397,864.0543,864.0146
"l",0.0881,864.3277,864.2397
"e",0.0753,864.5065,864.4313
"space",0.0563,864.6740,864.6177
"a",0.0739,864.9636,864.8897
"c",0.0846,865.2052,865.1206
"e",0.0580,865.4079,865.3499
"r",0.0534,865.5998,865.5464
"c",0.0783,865.9405,865.8621
"a",0.0836,866.1602,866.0766
"b",0.0755,866.3817,866.3062
"a",0.0661,866.6066,866.5405
"n",0.0516,866.7430,866.6914
"space",0.0550,866.9584,866.9034
"r",0.0697,867.1778,867.1080
"e",0.0729,867.4273,867.3544
"c",0.0857,867.9448,867.8591
"l",0.0785,868.1998,868.1213
"a",0.0776,868.4290,868.3514
"m",0.0597,868.6942,868.6346
"acute",0.0795,869.2261,869.1466
"a",0.0696,869.3821,869.3125
"n",0.0502,869.4892,869.4390
"d",0.0698,869.7514,869.6817
"o",0.0644,869.8849,869.8205
"l",0.0787,870.1351,870.0563
"e",0.0646,870.4653,870.4008
"space",0.0649,871.1746,871.1097
"e",0.0642,871.5429,871.4787
"l",0.0682,871.6824,871.6141
"space",0.0567,871.8658,871.8091
"d",0.0725,872.0395,871.9670
"i",0.0562,872.1184,872.0622
"n",0.0609,872.3040,872.2431
"e",0.0731,872.4357,872.3626
"mouse_left",0.1079,872.5556,872.4477
"r",0.0627,872.7085,872.6458
"o",0.0563,872.8353,872.7791
"space",0.0489,873.0423,872.9934
"q",0.0728,873.2159,873.1431
"u",0.0652,873.3549,873.2897
"mouse_left",0.1878,875.4594,875.2716
"r",0.0580,876.5595,876.5015
"o",0.0743,876.8909,876.8167
"space",0.0464,877.1151,877.0687
"q",0.0835,877.4821,877.3986
"u",0.0616,877.6651,877.6035
"e",0.0648,877.7884,877.7236
"space",0.0492,877.9405,877.8913
"l",0.0746,878.2033,878.1287
"e",0.0677,878.3873,878.3195
"s",0.0820,878.6540,878.5720
"space",0.0547,878.7780,878.7233
"d",0.0649,879.0777,879.0129
"e",0.0661,879.3141,879.2480
"b",0.0868,879.7095,879.6226
"acute",0.0738,879.9712,879.8974
"i",0.0544,880.2621,880.2077
"a",0.0825,880.7310,880.6485
"mouse_left",0.1007,881.4285,881.3279
"period",0.0788,881.6451,881.5663
"space",0.0599,882.0972,882.0373
"Shift_R",0.3555,884.5420,884.1865
"c",1457348368.5541,884.5544,-1457347483.9997
"u",0.0744,884.8915,884.8172
"a",0.0834,885.1648,885.0815
"n",0.0627,885.3081,885.2454
"mouse_left",0.0995,885.5470,885.4475
"mouse_left",0.4246,887.8522,887.4275
"mouse_left",0.5120,890.4272,889.9152
"mouse_left",0.0990,898.5641,898.4651
"d",0.0572,899.1037,899.0465
"mouse_left",0.0991,900.2706,900.1715
"mouse_left",0.1901,901.5391,901.3490
"period",0.0858,905.2311,905.1453
"space",0.0571,905.4629,905.4058
"Shift_R",0.4462,906.6643,906.2181
"c",1457348390.6904,906.6907,-1457347483.9997
"u",0.0756,906.9165,906.8409
"a",0.0807,907.0905,907.0098
"n",0.0613,907.1686,907.1073
"mouse_left",0.0997,907.8504,907.7506
"d",0.0756,907.9529,907.8774
"mouse_left",0.8959,911.5309,910.6350
"o",0.0719,912.5738,912.5019
"space",0.0737,919.6954,919.6217
"e",0.0909,920.4319,920.3410
"m",0.0658,920.5342,920.4684
"p",0.0654,920.7950,920.7296
"e",0.0702,920.9888,920.9187
"z",0.0755,921.2951,921.2196
"acute",0.0837,921.6536,921.5699
"o",0.0739,922.0771,922.0032
"space",0.0617,922.5276,922.4658
"a",0.0823,922.8603,922.7780
"space",0.0559,923.0081,922.9522
"h",0.0680,923.2627,923.1947
"a",0.0758,923.4116,923.3358
"c",0.0703,923.6135,923.5432
"e",0.0572,923.8148,923.7575
"r",0.0579,924.0176,923.9597
"s",0.0708,924.2322,924.1614
"e",0.0734,924.4669,924.3935
"space",0.0610,924.6076,924.5466
"d",0.0707,924.7340,924.6633
"e",0.0775,924.9401,924.8626
"space",0.0647,925.0253,924.9606
"n",0.0722,925.2676,925.1954
"o",0.0791,925.4612,925.3822
"c",0.0746,925.5976,925.5230
"h",0.0649,925.7043,925.6394
"e",0.0752,925.9491,925.8740
"space",0.0617,926.2697,926.2080
"l",0.0652,926.5415,926.4763
"o",0.0572,926.7515,926.6943
"s",0.0696,926.9661,926.8965
"space",0.0564,927.0920,927.0356
"v",0.0644,927.2986,927.2342
"e",0.0560,927.4903,927.4343
"c",0.0658,927.7427,927.6769
"i",0.0651,927.8584,927.7932
"n",0.0563,928.0585,928.0022
"o",0.0627,928.2746,928.2120
"s",0.0607,928.4700,928.4093
"space",0.0538,928.6578,928.6040
"s",0.0796,929.1692,929.0896
"e",0.0661,929.3786,929.3125
"space",0.0626,929.5022,929.4396
"f",0.0650,929.6856,929.6206
"u",0.0630,929.7745,929.7115
"e",0.0532,929.9132,929.8600
"r",0.0579,930.1477,930.0899
"o",0.0628,930.2889,930.2261
"n",0.0556,930.5038,930.4483
"space",0.0433,930.6982,930.6549
"a",0.0606,930.8769,930.8163
"space",0.0612,931.0716,931.0104
"d",0.0788,931.4174,931.3385
"o",0.0622,931.5730,931.5108
"r",0.0700,932.0910,932.0209
"m",0.0552,932.3919,932.3368
"i",0.0700,932.6289,932.5589
"r",0.0584,932.9045,932.8461
"space",0.0609,933.0577,932.9967
"a",0.0699,933.2643,933.1944
"space",0.0609,933.4310,933.3700
"s",0.0746,933.8246,933.7500
"u",0.0753,933.9961,933.9208
"s",0.0831,934.2443,934.1612
"space",0.0624,934.4203,934.3580
"c",0.0735,934.7285,934.6550
"a",0.0782,934.9581,934.8799
"s",0.0788,935.2057,935.1269
"a",0.0706,935.4422,935.3716
"s",0.0832,935.7306,935.6474
"comma",0.0656,935.9041,935.8385
"space",0.0606,936.1664,936.1057
"e",0.0733,936.4855,936.4122
"x",0.0779,936.7776,936.6997
"c",0.0839,937.1234,937.0395
"e",0.0707,937.4259,937.3553
"p",0.0707,937.7259,937.6553
"t",0.0656,938.0519,937.9863
"o",0.0609,938.2083,938.1474
"space",0.0622,938.4573,938.3951
"e",0.0660,938.6876,938.6216
"l",0.0662,938.8160,938.7499
"space",0.0516,939.0135,938.9619
"s",0.0706,939.1923,939.1217
"a",0.0802,939.4592,939.3790
"s",0.0879,939.6918,939.6039
"t",0.0605,939.9011,939.8406
"r",0.0603,940.0920,940.0317
"e",0.0584,940.3109,940.2525
"space",0.0687,940.4623,940.3937
"q",0.0661,940.5857,940.5197
"u",0.0664,940.7399,940.6735
"e",0.0658,940.8931,940.8273
"comma",0.0608,941.7538,941.6930
"space",0.0703,942.0257,941.9554
"c",0.0676,942.2726,942.2050
"o",0.0566,942.3621,942.3055
"m",0.0583,942.5690,942.5107
"o",0.0617,942.7614,942.6997
"space",0.0483,942.9502,942.9018
"n",0.0562,943.3366,943.2804
"o",0.0663,943.5304,943.4641
"space",0.0533,943.7091,943.6558
"s",0.0744,943.8766,943.8021
"e",0.0692,944.0862,944.0170
"space",0.0485,944.1971,944.1486
"f",0.0674,944.3953,944.3280
"i",0.0609,944.4866,944.4258
"a",0.0708,944.6331,944.5623
"b",0.0755,944.8394,944.7640
"a",0.0616,945.0495,944.9879
"comma",0.0650,945.2884,945.2234
"space",0.0580,945.4986,945.4406
"d",0.0683,945.6576,945.5892
"e",0.0699,945.8445,945.7746
"c",0.0787,946.2185,946.1398
"i",0.0647,946.3513,946.2866
"d",0.0697,946.5710,946.5013
"i",0.0557,946.6798,946.6241
"acute",0.0821,947.3434,947.2613
"o",0.0540,947.7299,947.6759
"space",0.0461,948.0454,947.9993
"e",0.0698,948.4954,948.4256
"s",0.0759,948.7609,948.6850
"c",0.0671,949.0140,948.9470
"o",0.0704,949.1256,949.0551
"n",0.0592,949.3358,949.2766
"d",0.0695,949.5422,949.4727
"mouse_left",0.0995,949.5771,949.4776
"e",0.0627,949.7357,949.6730
"r",0.0606,949.9430,949.8824
"s",0.0778,950.2541,950.1763
"e",0.0512,951.2353,951.1842
"space",0.0698,951.5367,951.4668
"mouse_left",0.1004,951.8386,951.7382
"e",0.0580,952.0068,951.9489
"n",0.0623,952.1328,952.0705
"space",0.0405,952.3179,952.2775
"u",0.0434,952.5126,952.4693
"n",0.0611,952.7291,952.6680
"o",0.0595,952.9490,952.8895
"space",0.0375,953.1714,953.1338
"d",0.0593,954.1044,954.0451
"e",0.0713,954.3014,954.2302
"space",0.0549,954.4024,954.3476
"l",0.0648,954.5917,954.5269
"o",0.0599,954.7936,954.7337
"s",0.0748,955.0761,955.0014
"space",0.0577,955.2916,955.2340
"mouse_left",0.6960,959.7624,959.0664
"mouse_left",0.2323,966.9226,966.6903
"BackSpace",0.0650,967.8618,967.7967
"BackSpace",0.0567,968.0902,968.0335
"mouse_left",0.0999,969.7949,969.6950
"d",0.0837,970.0517,969.9680
"e",0.0665,970.2603,970.1938
"r",0.0815,970.6623,970.5808
"mouse_left",0.7998,973.3943,972.5945
